{"name":"footprint_calculation-factors-national-footprint-accounts-2018","title":"Calculation Factors - National Footprint Accounts 2018","description":"National yields, world yields, and yield factors for all countries and all years by land type.\n\n# About this Dataset\nThis is the annual release of our conversion factors; yield and equivalence. \n\n# Objectives\nCan you tie-in these national factors to any other research or data?\n\n# Background\n* This is the result of our rigorous National Footprint Accounts 2018 edition calculation process using our methodology for ecological footprint accounting (for more see [here](https://www.footprintnetwork.org/resources/data/)\n* Thanks to @footprint for their hard work on this!\n* Technically, these numbers are the result of dozens of MySQL scripts, rigorous data QA in MySQL and excel, R-language scripts, and in-house software to tie it all together.\n\n# Get involved\nHow can others contribute?\n- [ ] Publish your numbers!\n- [x] Learn about sustainability:)\n\n# External resources\n* Visit [Open Data Platform](http://data.footprintnetwork.org/#/) to learn more about our *free* open data explorer!","homepage":"https://data.world/footprint/calculation-factors-national-footprint-accounts-2018","license":"CC-BY-SA","resources":[{"name":"eqf","schema":{"fields":[{"name":"land_use_type","title":"Land use type","description":"The type of land on earth. The full list of elements is cropland, forest land, fishing ground, grazing land, carbon and built up area (infrastructure).","type":"string","rdfType":"http://www.w3.org/2001/XMLSchema#string","dwSourceId":"land_use_type"},{"name":"equivalence_factor","title":"Equivalence Factor","description":"The key factor that allows land of different types to be converted into the common unit of global hectares. It is a productivity-based scaling factor converting one hectare of world-average land into an equivalent number of global hectares.","type":"number","rdfType":"http://www.w3.org/2001/XMLSchema#decimal","dwSourceId":"equivalence_factor"}]},"path":"data/eqf.csv","format":"csv"},{"name":"yield_factors","schema":{"fields":[{"name":"country","title":"Country","description":"Country","type":"string","rdfType":"http://www.w3.org/2001/XMLSchema#string","dwSourceId":"country"},{"name":"country_code","title":"Country_Code","description":"Country code system consistent with many international organizations including FAO.","type":"integer","rdfType":"http://www.w3.org/2001/XMLSchema#integer","dwSourceId":"country_code"},{"name":"land_type","title":"Land_type","description":"The type of land on earth. The full list of elements is cropland, forest land, fishing ground, grazing land, carbon and built up area (infrastructure).","type":"string","rdfType":"http://www.w3.org/2001/XMLSchema#string","dwSourceId":"land_type"},{"name":"national_yield","title":"National_Yield","description":"National yield for product extraction, t nha(^-1) yr(^-1)","type":"number","rdfType":"http://www.w3.org/2001/XMLSchema#decimal","dwSourceId":"national_yield"},{"name":"world_yield","title":"World_Yield","description":"World-average yield for product extraction, t wha(^-1) yr(^-1)","type":"number","rdfType":"http://www.w3.org/2001/XMLSchema#decimal","dwSourceId":"world_yield"},{"name":"yield_factor","title":"Yield_Factor","description":"Yield factors are used in biocapacity calculations when biocapacity is reported in global hectares.","type":"number","rdfType":"http://www.w3.org/2001/XMLSchema#decimal","dwSourceId":"yield_factor"}]},"path":"data/yield_factors.csv","format":"csv"},{"name":"yield_factors_all_years","schema":{"fields":[{"name":"country","title":"country","description":"Country name","type":"string","rdfType":"http://www.w3.org/2001/XMLSchema#string","dwSourceId":"country"},{"name":"year","title":"year","description":"Year in yyyy format with an earliest possible start of 1961 and a latest year of 2014. NB: some countries were created after 1961 and ended before 2014.","type":"gyear","rdfType":"http://www.w3.org/2001/XMLSchema#gYear","dwSourceId":"year"},{"name":"land_type","title":"land_type","description":"The type of land on earth. The full list of land types is cropland, forest land, fishing ground, grazing land, carbon and built up area (infrastructure).","type":"string","rdfType":"http://www.w3.org/2001/XMLSchema#string","dwSourceId":"land_type"},{"name":"national_yield","title":"national_yield","description":"National yield for product extraction, t nha(^-1) yr(^-1)","type":"number","rdfType":"http://www.w3.org/2001/XMLSchema#decimal","dwSourceId":"national_yield"},{"name":"world_yield","title":"world_yield","description":"World-average yield for product extraction, t wha(^-1) yr(^-1)","type":"number","rdfType":"http://www.w3.org/2001/XMLSchema#decimal","dwSourceId":"world_yield"},{"name":"yield_factor","title":"yield_factor","description":"Yield factors are used in biocapacity calculations when biocapacity is reported in global hectares.","type":"number","rdfType":"http://www.w3.org/2001/XMLSchema#decimal","dwSourceId":"yield_factor"},{"name":"qscore_2018","title":"qscore_2018","type":"string","rdfType":"http://www.w3.org/2001/XMLSchema#string","dwSourceId":"qscore_2018"}]},"path":"data/yield_factors_all_years.csv","format":"csv"},{"name":"original/EQF.csv","description":"Equivalence factors reflect the relative productivity of world average hectares of different land use types. Equivalence factors are the same for all countries, and change slightly from year to year. Equivalence factors are calculated in a","path":"original/EQF.csv","format":"csv","mediatype":"text/csv","bytes":179,"keywords":["clean data"]},{"name":"original/Yield Factors - All years.csv","path":"original/Yield Factors - All years.csv","format":"csv","mediatype":"text/csv","bytes":2142120},{"name":"original/Yield Factors.csv","path":"original/Yield Factors.csv","format":"csv","mediatype":"text/csv","bytes":49593}],"keywords":["ecological footprint","earth science","ecosystems","world","science","natural resources","geography","earth","ecology"]}