country_region,data_quality,hdi,per_capita_gdp,region,income_group,population_millions,cropland_footprint,grazing_footprint,forest_product_footprint,carbon_footprint,fish_footprint,built_up_land,total_ecological_footprint_production,cropland_footprint_2,grazing_footprint_2,forest_product_footprint_2,carbon_footprint_2,fish_footprint_2,built_up_land_2,total_ecological_footprint_consumption,cropland,grazing_land,forest_land,fishing_ground,built_up_land_3,total_biocapacity,ecological_deficit_or_reserve,number_of_earths_required,number_of_countries_required
"* Data values for countries with a ""D"" quality score are from 2013",,,,,,,,,,,,,,,,,,,,,,,,,,,,,
0.0 = less than 0.05,,,,,,,,,,,,,,,,,,,,,,,,,,,,,
Afghanistan,3A,0.479,610.242,Middle East/Central Asia,LI,31.628,0.25169107737891,0.18037063693489,0.0607341185209285,0.106640582977185,0.0000485655224425524,0.0461250139386817,0.645609995273038,0.313917306762986,0.186871410754574,0.0702153775080761,0.154883188731789,0.000247764426325485,0.0461250139386817,0.772260062122433,0.25169107737891,0.187020286399772,0.0192403236285643,0,0.0461250139386817,0.504076701345928,-0.268183360776505,0.45912017621489,1.53202887588423
Albania,3A,0.762,4413.562,Other Europe,UM,2.89,0.395455656297986,0.218572319547909,0.165919537502868,0.593520490054175,0.00954778852308971,0.0397722810075182,1.42278807293355,0.650139556856189,0.23894360095256,0.290271920396338,0.897236602356146,0.0252706753848341,0.0397722810075182,2.14163463695358,0.395455656297986,0.218572319547909,0.315863090589194,0.0818836556522957,0.0397722810075182,1.0515470030949,-1.09008763385868,1.27323387565024,2.03665136284954
Algeria,2A,0.743,4675.885,Africa,UM,38.934,0.202869591610507,0.125709865503502,0.0860501107431805,1.17394561259209,0.00757828979058589,0.0280628419188919,1.62421631215875,0.582685019385848,0.183246026662043,0.17310936809724,1.46621157978406,0.0154403899596691,0.0280628419188919,2.44875522580775,0.202869591610507,0.274074611894125,0.0282722736428424,0.00825125331879849,0.0280628419188919,0.541530572385165,-1.90722465342259,1.4558216667195,4.52191501399863
Angola,3A,0.531,3747.568,Africa,LM,24.228,0.249504769953283,0.0784204935337329,0.103665618276807,0.28668265243009,0.0930484252626316,0.0472580794941716,0.858580038950715,0.383092755054366,0.0959563660820006,0.110244086273297,0.774420570760956,0.147901521874902,0.0472580794941716,1.55887337953969,0.249504769953283,1.22949516567757,0.539372840238593,0.22470559011024,0.0472580794941716,2.29033644547386,0.73146306593417,0.926773577729694,0.680630735549932
Antigua and Barbuda,2B,0.784,12403.528,Latin America,HI,0.091,,,,,,,2.18933319887101,,,,,,,4.18447374693331,,,,,,0.933321581949673,-3.25115216498364,2.48773233045168,4.48342117857395
Argentina,3A,0.826,10323.207,Latin America,UM,42.98,2.58888225816505,1.01500316676511,0.219481204161646,1.55993554084485,0.200259934950285,0.105008823013305,5.68857092790025,1.12933362545771,0.842534073332575,0.245152101929075,1.2810487414765,0.0866509113572125,0.105008823013305,3.68972827656638,2.58888225816505,1.79234070535454,0.610837953906152,1.61197700689635,0.105008823013305,6.7090467473354,3.01931847076902,2.19359873650134,0.549963119280964
Armenia,3A,0.741,3827.343,Middle East/Central Asia,LM,3.006,0.353566421169916,0.171779444104569,0.19795743485899,0.617731288123508,0.000562896043716586,0.0615559272388981,1.4031534115396,0.621757962435781,0.22441449806306,0.252692799526015,0.851708106482012,0.00646562036739563,0.0615559272388981,2.01859491411316,0.353566421169916,0.261703192809304,0.0935463088236566,0.0155337698020586,0.0615559272388981,0.785905619843833,-1.23268929426933,1.20008491715474,2.5684953296482
Aruba,2B,,,Latin America,HI,0.103,,,,,,,2.92835242238932,,,,,,,6.40752022715923,,,,,,0.571144371333493,-5.83637585582574,3.80936676656396,11.2187400397541
Australia,3A,0.937,54394.336,Asia-Pacific,HI,23.622,2.36218343000141,2.79334802546374,0.833793154084858,5.64114375001901,0.0345495291649227,0.063370026579648,11.7283879153136,0.679401214738882,0.458460155682663,0.862707379059126,4.70006673196318,0.121740908255932,0.063370026579648,6.88574641627943,2.36218343000141,5.73284730413953,1.95494406427595,3.13766502709336,0.063370026579648,13.2510098520899,6.36526343581047,4.09367940033659,0.519639370367945
Austria,3A,0.892,47886.559,EU-28,HI,8.517,0.69627587114369,0.149234765532709,1.22740281069579,2.61117273211567,0.0000631216597431369,0.151161594754752,4.83531089590235,0.917244124622638,0.252585068113622,0.60639692185521,3.88546284686864,0.0635730289436488,0.151161594754752,5.87642358515851,0.69627587114369,0.149234765532709,2.01466474143928,0.00309307935252139,0.151161594754752,3.01443005222295,-2.86199353293556,3.49362185649784,1.94943106436489
Azerbaijan,3A,0.758,6122.98,Middle East/Central Asia,UM,9.63,0.336213486814121,0.194118536365411,0.0170885496666583,1.14624776517681,0.000201883706921727,0.0463464087438489,1.74021663047378,0.545653890478171,0.216711051645214,0.0922804464180115,1.25990083795027,0.00869231420184264,0.0463464087438489,2.16958494943736,0.336213486814121,0.194118536365411,0.113214161402371,0.0150325554340131,0.0463464087438489,0.704925148759764,-1.4646598006776,1.28985075514747,3.07775223121845
Bahamas,3A,0.79,21078.68,Latin America,HI,0.383,0.0494595909960077,0.00238661147986447,0.0650850949551268,2.16914716613788,0.0649149026457664,0.0423996458779401,2.39339301209259,0.856982141486737,0.943476646632428,0.161247245048399,2.68489345644793,0.134440462698872,0.0423996458779401,4.82343959819231,0.0494595909960078,0.00238661147986447,1.13934039918698,8.10636211432836,0.0423996458779401,9.33994836186915,4.51650876367684,2.86760710141817,0.516431077701057
Bahrain,3A,0.823,22390.684,Middle East/Central Asia,HI,1.362,0.00847075006963881,0,0.00196001623925108,8.29839436820049,0.0327148694118299,0.0740890468197135,8.41562905074092,0.498442602703362,0.411851048082318,0.348516412308089,7.29619431262027,0.0819782809237647,0.0740890468197135,8.71107170345752,0.00847075006963881,0,0.000814140731402833,0.451329674125432,0.0740890468197135,0.534703611746187,-8.17636809171133,5.17886262889235,16.2914023995643
Bangladesh,3A,0.575,922.161,Asia-Pacific,LI,159.078,0.271160639249921,0.00327265376423957,0.0656491772447576,0.152212678899793,0.0183017286453761,0.0782486220770279,0.588845499881116,0.336069929591211,0.00455909648756958,0.0810351543136724,0.27309731578652,0.0216181561968158,0.0782486220770279,0.794628274452816,0.271160639249921,0.00327265376423957,0.00403050372823912,0.0524339368201861,0.0782486220770279,0.409146355639614,-0.385481918813202,0.472418413545088,1.94216143807656
Barbados,3A,0.794,15864.62,Latin America,HI,0.283,0.0638473194432008,0.00322606049713564,0.0215935505621251,1.54391668273911,0.118597686067936,0.0340845181749888,1.78526581748449,0.553213068423331,0.288556148221511,0.150359570860234,2.25649931780927,0.270182229916944,0.0340845181749888,3.55289485340628,0.0638473194432009,0.00322606049713564,0.0188398568873155,0.043917094296536,0.0340845181749888,0.163914849299177,-3.3889800041071,2.11224921652139,21.6752470480667
Belarus,3A,0.798,6664.097,Other Europe,UM,9.5,1.38020719128849,0.271239177748101,1.17668102740963,2.27832255419255,0.000283222592998562,0.0805840210467226,5.18731719427849,1.17054780883883,0.141865812770757,0.856247424683698,2.3487593565495,0.0947209124246158,0.0805840210467226,4.69272533631412,1.38020719128849,0.271239177748101,1.6844711142599,0.018151554252101,0.0805840210467226,3.43465305859531,-1.25807227771881,2.78989551449191,1.36628802276563
Belgium,3A,0.895,44702.316,EU-28,HI,11.226,0.397274242156331,0.03234851936819,0.31532151372516,2.85962567528034,0.0166446175004392,0.190681114698488,3.81189568272895,1.23754363276402,0.417202322292337,0.710225597692359,4.03170632441722,0.118249224351921,0.190681114698488,6.70560821621635,0.397274242156331,0.03234851936819,0.275633307396462,0.0431788240182569,0.190681114698488,0.939116007637728,-5.76649220857862,3.98658454173585,7.14034066258095
Belize,1A,0.706,4415.987,Latin America,UM,0.352,0.537233108090035,0.173351683988722,0.220176368463419,0.483969048237833,2.39936752533706,0.000562585615718012,3.81466031973279,0.412204525055532,0.20910825889229,0.349440138800604,2.0832488773874,2.1392766609291,0.000562585615718012,5.19384104668064,0.537233108090035,0.213426665685282,2.19691129750498,1.02845317447985,0.000562585615718012,3.97658683137587,-1.21725421530477,3.08781631155502,1.30610527744558
Benin,3A,0.481,833.662,Africa,LI,10.598,0.526021063408358,0.0351405607231733,0.26744001285513,0.1717935923917,0.0216744193344576,0.044122975441461,1.06619262415428,0.597803237802868,0.0364740160307393,0.243562481403129,0.356046809411942,0.0776772670129947,0.044122975441461,1.35568678710313,0.526021063408358,0.0351405607231733,0.309530355676243,0.0214707549646908,0.044122975441461,0.936285710213926,-0.419401076889204,0.805976104573317,1.44794134131704
Bermuda,2B,,,North America,HI,0.062,,,,,,,3.30795396967499,,,,,,,6.77890576286396,,,,,,0.138041267888303,-6.64086449497566,4.03016103129364,49.1078201943868
Bhutan,3A,0.604,2500.26,Asia-Pacific,LM,0.765,0.286498675756575,0.275411316236825,2.65797990867917,0.449945861267912,0.000010039150374083,0.258754609990495,3.92860041108135,0.435252878947415,0.370964059273659,2.69203678953523,0.846702552235534,0.0314001038868969,0.258754609990495,4.63511099386923,0.286498675756575,0.338065611275757,4.24571397242971,0.0133136633691944,0.258754609990495,5.14234653282173,0.507235538952502,2.75564292478384,0.901361074032059
Bolivia,3A,0.671,2317.257,Latin America,LM,10.562,0.67736327767028,1.68790861891233,0.152055825205035,0.634629883633717,0.00101654834543624,0.0647347347391978,3.217708888506,0.400095826492451,1.67600619097453,0.178626941738934,0.745455029716857,0.00955204682901686,0.0647347347391978,3.07447077049099,0.67736327767028,2.18264987550101,13.509840943587,0.0531942957929045,0.0647347347391978,16.4877831272904,13.4133123567994,1.82781893192292,0.186469627041743
Bosnia and Herzegovina,3A,0.747,4992.905,Other Europe,UM,3.818,0.278773634695216,0.18877986896355,0.65532241031931,2.0355637375789,0.000122717932346327,0.0143722157834449,3.17293458527276,0.617889857301378,0.318028269044272,0.509831890749047,1.80948261976813,0.0206680989506317,0.0143722157834449,3.2902729515969,0.278773634695216,0.18877986896355,1.12737641927383,0.00312051609352883,0.0143722157834449,1.61242265480957,-1.67785029678733,1.95611656153826,2.04057722817439
Botswana,2A,0.698,7574.282,Africa,UM,2.22,0.0500018411754822,0.812166746442768,0.153963252440466,1.10029744126097,0.000250164908341495,0.0149835943048766,2.13166304053291,0.308675816700199,0.171562620458838,0.203763041750582,1.82260891646366,0.0152422751285946,0.0149835943048766,2.53683626480675,0.0500018411754822,2.26517334683084,0.555452467862806,0.248447030841326,0.0149835943048766,3.13405828101533,0.597222016208579,1.50818716395274,0.809441317723326
Brazil,3A,0.754,11866.389,Latin America,UM,206.078,1.13065438289699,0.972521970502214,0.699317118654361,0.862708741642544,0.0339096813640508,0.0936189985563865,3.79273089361654,0.706014877525685,0.798115649814915,0.504265874505903,0.92904073444947,0.0466384002652343,0.0936189985563865,3.07769453511759,1.13065438289699,0.972521970502214,6.49005990070636,0.165511156407534,0.0936189985563865,8.85236640906948,5.77467187395189,1.82973550828888,0.347669130817316
Brunei Darussalam,3A,0.864,33313.832,Asia-Pacific,HI,0.417,0.0169075852106655,0.0109297114277203,0.19257048835459,5.60468101074997,0.0108237721587036,0.0238724337516633,5.85978500165332,0.430962832915122,0.292903743764563,0.239123138570024,4.35783848669759,0.200700968500208,0.0238724337516633,5.54540160419917,0.0169075852106655,0.0109297114277203,1.53890608963454,1.23950618709676,0.0238724337516633,2.83012200712136,-2.71527959707781,3.29682432975359,1.95942139252139
Bulgaria,2A,0.792,7299.552,EU-28,UM,7.201,1.775250054197,0.0667872688882403,0.433492239241089,2.17560374834487,0.00280224724907248,0.160412923837709,4.61434848175797,0.607608582895713,0.133261653770228,0.288581610576207,1.94892079832185,0.0307476828497572,0.160412923837709,3.16953325225146,1.775250054197,0.0667872688882403,1.21241997571828,0.121231012007226,0.160412923837709,3.33610123464845,0.16656798239699,1.88433500146734,0.950071064790532
Burkina Faso,3A,0.399,639.71,Africa,LI,17.589,0.646450495675053,0.160711489906875,0.342577660350523,0.0556978638976212,0.00142440417450758,0.0751521986852618,1.28201411268984,0.578830029247463,0.161378041192266,0.34488714588153,0.122953375569564,0.0284226534574351,0.0751521986852618,1.31162344403352,0.646450495675054,0.160711489906875,0.231364491104499,0.0012960728067344,0.0751521986852618,1.11497474817842,-0.1966486958551,0.779779787002347,1.17637053769726
Burundi,3A,0.406,243.102,Africa,LI,10.817,0.212892807658983,0.0606712844548286,0.254066396340775,0.0139875613457204,0.0013690222069768,0.0344689938629695,0.577456065870253,0.220514959424429,0.0614078918451152,0.254927308013803,0.0300919429117015,0.00338292322498612,0.0344689938629695,0.604794019283005,0.212892807658983,0.0606712844548286,0.00863323841611212,0.00730835115678734,0.0344689938629695,0.323974675549681,-0.280819343733324,0.359559104926111,1.86679411980848
Cabo Verde,2B,0.646,3369.643,Africa,LM,0.514,,,,,,,2.18997141164574,,,,,,,1.63226823764638,,,,,,0.602903885473667,-1.02936435217271,0.970407920407728,2.70734403438784
Cambodia,2B,0.558,972.979,Asia-Pacific,LI,15.328,,,,,,,1.093393490401,,,,,,,1.31781203318344,,,,,,1.10849196209398,-0.20932007108946,0.78345899596367,1.18883318801342
Cameroon,3A,0.514,1428.216,Africa,LM,22.773,0.603036547841341,0.0917671523972052,0.274076025095193,0.0935251027320941,0.014508997616245,0.0600762147933002,1.13699004047538,0.600418953617505,0.0972415712382568,0.229636098928441,0.20417956482827,0.0825677632484165,0.0600762147933002,1.27412016665419,0.603036547841341,0.0917671523972052,0.847776622591531,0.074427599987517,0.0600762147933002,1.67708413761089,0.4029639709567,0.757483526761061,0.759723461739524
Canada,3A,0.919,50067.043,North America,HI,35.588,2.68098981452551,0.287491786697059,3.00810438961978,5.56208588209731,0.140978460849861,0.0623740021071421,11.7420243358967,1.07103904433702,0.324179317879526,1.09331065144971,5.36160662818472,0.137177992131883,0.0623740021071421,8.04968763609,2.68098981452551,0.287491786697059,8.84994230812602,3.36866739225107,0.0623740021071421,15.2494653037068,7.1997776676168,4.78565989260045,0.527866877675593
Cayman Islands,2B,,,Latin America,HI,0.059,,,,,,,3.17416763510452,,,,,,,5.47826560132495,,,,,,0.308809547316888,-5.16945605400806,3.25691097027561,17.7399489391543
Central African Republic,3A,0.347,302.546,Africa,LI,4.804,0.281430111475041,0.540059330566773,0.24034183358933,0.0215201617021467,0.00927169243520262,0.0364802285396315,1.12910335830813,0.291587899331893,0.520574233076627,0.219948039372213,0.0382636124396405,0.0177226877768456,0.0364802285396315,1.12457670053685,0.281430111475041,0.540059330566773,6.50478217723764,0,0.0364802285396315,7.36275184781908,6.23817514728223,0.668577695832964,0.152738639544121
Chad,3A,0.394,967.103,Africa,LI,13.587,0.442676124076333,0.840303823605247,0.252928653372562,0.018466726015072,0.0135681236428295,0.0628136331926983,1.63075708390474,0.45407338670034,0.820066959701206,0.253603837771048,0.03388471564134,0.014173669576123,0.0628136331926983,1.63861620258275,0.442676124076333,1.06144268895614,0.358664360403183,0.067113316175076,0.0628136331926983,1.99271012280343,0.35409392022068,0.974181880661716,0.822305353815072
Chile,3A,0.845,14701.954,Latin America,UM,17.763,0.32672646427321,0.247720367059852,2.04454188281977,1.57122824500506,0.382616876954857,0.108311410793556,4.68114524690631,0.510524251626298,0.415168667183789,0.994019863058189,1.77536971864862,0.223006330682109,0.108311410793556,4.02640024199257,0.32672646427321,0.444666659547444,2.21212146748869,0.377413818316777,0.108311410793556,3.46923982041968,-0.55716042157289,2.39375526365395,1.16060014597247
China,3A,0.734,6108.239,Asia-Pacific,UM,1400.602,0.480241555856245,0.104179914882544,0.130268824424881,2.61454819516878,0.0792289605469878,0.122479064355679,3.53094651523511,0.58180266887173,0.139279971956107,0.201524997415015,2.5800722232989,0.0848064941562515,0.122479064355679,3.70996542005368,0.480241555856245,0.104179914882544,0.224600006526836,0.0437922522705189,0.122479064355679,0.975292793891824,-2.73467262616186,2.20563002147863,3.80395040677926
Colombia,3A,0.724,7291.692,Latin America,UM,47.791,0.264543702788345,0.553988504060448,0.1260268384138,0.555998155189808,0.0265060487694658,0.100967946290773,1.62803119551264,0.377923669710668,0.515179265872142,0.163008807578305,0.71552509803422,0.0407741594845812,0.100967946290773,1.91337894697069,0.264543702788345,1.20352087116769,2.07010366747555,0.0688732949514988,0.100967946290773,3.70800948267386,1.79463053570317,1.13753244844063,0.516012420116829
Comoros,2B,0.498,779.84,Africa,LI,0.77,,,,,,,0.732169256487236,,,,,,,0.845711804647843,,,,,,0.334159352378894,-0.511552452268949,0.502788337532042,2.53086378886955
Congo,3A,0.59,2922.973,Africa,LM,4.505,0.145769545072274,0.0464259379804648,0.453829203504868,0.213608710941172,0.0498739229381931,0.0353689913235907,0.944876311760562,0.263546141022569,0.105139207940373,0.311643793048835,0.383911223579886,0.115345537071073,0.0353689913235907,1.21495489398633,0.145769545072274,2.97513556795688,6.98824984107299,0.343191106686105,0.0353689913235907,10.4877150521118,9.27276015812547,0.722308885800846,0.115845528596974
"Congo, Democratic Republic of",3A,0.425,378.791,Africa,LI,74.877,0.121280340028724,0.00941295514969686,0.460895370967984,0.0220512843411077,0.0049130440484835,0.0512894550579109,0.669842449593907,0.138499072316685,0.0123259596975086,0.459536679824895,0.0793221091189847,0.0157417170755653,0.0512894550579109,0.75671499309155,0.121280340028724,0.283237672648297,2.18592885609263,0.0408627748304309,0.0512894550579109,2.68259909865799,1.92588410556644,0.449878399794241,0.282082773184449
Cook Islands,1B,,,Asia-Pacific,,0.021,,,,,,,5.60831113389579,,,,,,,5.95618842854355,,,,,,1.19592017170742,-4.76026825683613,3.54104325085305,4.98042308295534
Costa Rica,3A,0.775,9077.415,Latin America,UM,4.758,0.410395689250475,0.303944103183839,0.45683185174006,0.563526080002121,0.0439349273109619,0.103832895536706,1.88246554702416,0.34628770365216,0.221517516080144,0.693629151305184,1.05944260299568,0.0859131166192342,0.103832895536706,2.51062298618911,0.410395689250476,0.303944103183839,0.645637338659939,0.120995684941034,0.103832895536706,1.58480571157199,-0.92581727461712,1.49260297711155,1.58418345407071
Country grouping results are for included countries only,,,,,,,,,,,,,,,,,,,,,,,,,,,,,
Country/region,Data Quality,HDI,Per Capita GDP,Region,Income Group,Population (millions),Cropland Footprint,Grazing Footprint,Forest Product Footprint,Carbon Footprint,Fish Footprint,Built up land,Total Ecological Footprint (Production),Cropland Footprint,Grazing Footprint,Forest Product Footprint,Carbon Footprint,Fish Footprint,Built up land,Total Ecological Footprint (Consumption),Cropland,Grazing land,Forest land,Fishing ground,Built up land,Total biocapacity ,Ecological (Deficit) or Reserve,Number of Earths required,Number of Countries required
Croatia,3A,0.823,13517.835,EU-28,HI,4.256,0.707058674115852,0.0347776718753527,0.705036605661833,1.38772649760804,0.0440016011224167,0.0669240285122399,2.94552507889574,0.812008917686947,0.176259143113924,0.556692015817912,1.94585180572077,0.0743045813493271,0.0669240285122399,3.63204049220112,0.707058674115852,0.324949760981443,1.55502045949005,0.339775731152687,0.0669240285122399,2.99372865425227,-0.63831183794885,2.15930248447138,1.21321633042534
Cuba,3A,0.773,6182.774,Latin America,UM,11.379,0.278231006609883,0.0903366581768324,0.0734183384778621,0.91284414037562,0.0117758539560953,0.0278703611515587,1.39447635874785,0.499563395450149,0.110695524757223,0.078662894712228,1.16921289102914,0.0204677240994514,0.0278703611515587,1.90647279119975,0.278231006609883,0.0903366581768324,0.23369572880941,0.165022492241804,0.0278703611515587,0.795156246989488,-1.11131654421026,1.13342663537319,2.39760776377948
Cyprus,2B,0.854,26977.629,EU-28,HI,1.154,,,,,,,2.02759445194732,,,,,,,3.32226216370084,,,,,,0.243908147539769,-3.07835401616107,1.97513462736672,13.6209560738808
Czech Republic,3A,0.875,20343.684,EU-28,HI,10.543,1.11115230499345,0.0701373270298764,0.973658040414391,3.38490656956834,0.0015401518438438,0.152414315854802,5.6938087097047,0.872703414284517,0.302830533255704,0.785628743818444,3.45164533157788,0.0347769023744825,0.152414315854802,5.59999924116583,1.11115230499345,0.0701373270298764,1.31788642291596,0.00201602768225544,0.152414315854802,2.65360639847635,-2.94639284268948,3.32928344286136,2.11033529478269
CÃ´te d'Ivoire,3A,0.466,1384.91,Africa,LM,22.157,0.899267883043111,0.0212671170957688,0.241517126798591,0.151952528788858,0.0159637514094596,0.088188407158298,1.41815681429409,0.544611328926242,0.0393083928442929,0.237018931789769,0.271163301296114,0.123453233635709,0.088188407158298,1.30374359565043,0.899267883043111,0.526154472974191,0.423206522320765,0.0375442865979802,0.088188407158298,1.97436157209434,0.67061797644391,0.775095099090029,0.660336796500481
Denmark,3A,0.923,59437.934,EU-28,HI,5.647,2.06155017494943,0.00767642024662203,0.403561932123096,2.16212737968568,0.489418661059729,0.214075999232254,5.33841056729681,1.2534629354481,0.490182316555751,1.06802613752021,3.37619857111513,0.725167126117179,0.214075999232254,7.12711308598863,2.06155017494943,0.00767642024662203,0.33856948005979,1.8034984512999,0.214075999232254,4.42537052578799,-2.70174256020064,4.23717550141001,1.61051216942327
Djibouti,2A,0.47,1508.292,Africa,LM,0.876,0.0176625435080639,0.230677638252838,0.166253174024005,0.283491112129564,0.0294006678334572,0.20346632743489,0.930951463182818,1.72220379311247,0.261006723337013,0.293580287227261,0.422586068824758,0.034498736536545,0.20346632743489,2.93734193647293,0.0176625435080639,0.230677638252838,0.00219919825164028,0.298884396862902,0.20346632743489,0.752890104310334,-2.1844518321626,1.74629378576233,3.90142189365553
Dominica,2B,0.724,6951.032,Latin America,UM,0.072,,,,,,,1.30395574309938,,,,,,,2.52856756136556,,,,,,1.04955557489405,-1.47901198647151,1.50327129588291,2.40917929631388
Dominican Republic,3A,0.718,6193.765,Latin America,UM,10.406,0.249682211423828,0.110682756840473,0.0366677324345729,0.719910080496329,0.0106873991600957,0.0528050864513039,1.1804352668066,0.375748000416892,0.114228908558424,0.109195991477432,0.903590588709897,0.0334400474276677,0.0528050864513039,1.58900862304162,0.249682211423828,0.110682756840473,0.158363518551423,0.0242130307198773,0.0528050864513039,0.595746603986906,-0.993262019054714,0.944689431449825,2.66725586416695
Ecuador,2A,0.739,5428.714,Latin America,UM,15.903,0.363882250635658,0.185910850108927,0.229186473305479,0.886293079438966,0.705955193162101,0.0739466219457405,2.44517446859687,0.311299359639775,0.188228200004159,0.238678550882887,1.15902381809815,0.0718624931550455,0.0739466219457405,2.04303904372576,0.363882250635658,0.185910850108927,1.34210088958492,0.105493916857162,0.0739466219457405,2.07133452913241,0.0282954854066499,1.21461731840868,0.986339490309901
Egypt,2B,0.688,2608.375,Africa,LM,89.58,,,,,,,1.39045593041739,,,,,,,1.98413193396522,,,,,,0.473452313987026,-1.51067961997819,1.17959615916442,4.19077460464074
El Salvador,3A,0.678,3668.199,Latin America,LM,6.108,0.258053147022733,0.132767078669152,0.343151724424976,0.354548037044372,0.228773231166715,0.0439069525358667,1.36120017086381,0.403070005504998,0.205709887827713,0.411378394896784,0.752881332056598,0.180847516460445,0.0439069525358667,1.9977940892824,0.258053147022733,0.153462700012674,0.0426353496497878,0.115858751078422,0.0439069525358667,0.613916900299483,-1.38387718898292,1.18771851517421,3.25417672702581
Equatorial Guinea,3A,0.582,16028.25,Africa,HI,0.821,0.124190567637746,0.00851354027349307,0.674630305313202,2.23943668140012,0.0704919957770287,0.025603542567655,3.14286663296924,0.312422563803654,0.0211999947216737,0.260677684001571,2.23943668140012,0.160503738197484,0.025603542567655,3.01984420469216,0.124190567637746,0.132756096996975,2.71055541405074,0.913622751702249,0.025603542567655,3.90672837295537,0.88688416826321,1.79534262019103,0.772985453915165
Eritrea,3A,0.418,,Africa,LI,5.11,0.0817955760679545,0.223336592831003,0.0783764066641447,0.0470155506202395,0.0157891711159531,0.0252892532516164,0.471602550550911,0.112316272944794,0.223013371557318,0.0792821456561326,0.0470155506202395,0.0158753437759654,0.0252892532516164,0.502791937806066,0.0817955760679545,0.223336592831003,0.101964509380917,1.12161908089699,0.0252892532516164,1.55400501242848,1.05121307462241,0.298917339387608,0.323545891927556
Estonia,3A,0.863,17453.367,EU-28,HI,1.316,1.22784106270786,0.0857933682216935,4.36533566278576,4.96559313561724,0.195443615665763,0.0732135841636719,10.913220429162,0.644639283008176,0.126057296705161,2.84591285943531,3.20338741794734,0.0720634326704312,0.0732135841636719,6.96527387393009,1.22784106270786,0.0857933682216935,4.01579035388842,4.32605428896774,0.0732135841636719,9.72869265794939,2.7634187840193,4.14095966531642,0.715951682186066
Ethiopia,3A,0.441,452.778,Africa,LI,96.959,0.356432420017168,0.115087319147665,0.444642575537264,0.0424694802423994,0.00204549667188318,0.0716131527633948,1.03229044437977,0.349258894145874,0.109148095085291,0.450025025566822,0.106644070595376,0.00209824319519639,0.0716131527633948,1.08878748135195,0.356432420017168,0.115087319147665,0.0442122069646278,0.039553169235472,0.0716131527633948,0.626898268128328,-0.461889213223622,0.647300468866694,1.73678495651717
Fiji,3A,0.734,4084.2,Asia-Pacific,UM,0.886,0.298339771239026,0.0902392575425792,0.654394665591918,0.453732639259414,0.564374733058181,0.0456407361934761,2.10672180288459,0.57644634656384,0.18767515103254,0.74824278978432,0.981558591458272,1.35771489723117,0.0456407361934761,3.89727851226362,0.298339771239026,0.0902392575425792,1.28693207203946,0.65041824823705,0.0456407361934761,2.37157008525159,-1.52570842701203,2.31699046094824,1.64333263288324
Finland,2A,0.893,45239.367,EU-28,HI,5.48,0.877661268184831,0.0473441692341246,6.90052065547688,2.96218850354106,0.172670992274056,0.155198053719106,11.1155836424301,1.00677199920205,0.172300932771268,0.494217578529226,4.01466304809879,0.250968989816786,0.155198053719106,6.09412060213722,0.877661268184831,0.0473441692341246,9.47764947418354,2.30645490041867,0.155198053719106,12.8643078657403,6.77018726360308,3.62304599442623,0.473723162236099
"For results in acres, multiply hectare numbers by 2.471",,,,,,,,,,,,,,,,,,,,,,,,,,,,,
France,3A,0.894,41431.039,EU-28,HI,64.159,1.33207767889399,0.159239644802443,0.445924934428251,1.62911753716671,0.12506923941671,0.164222480552944,3.85565151526105,0.949670416689897,0.262003435502322,0.522114031016319,2.5943110568568,0.205771414212452,0.164222480552944,4.69809283483073,1.33207767889399,0.159239644802443,0.957672575825179,0.112552390540405,0.164222480552944,2.72576477061496,-1.97232806421577,2.79308657277091,1.72358704077417
French Guiana,2A,,35657.516,Latin America,,0.261,0.106051503223648,0.0641108735754093,0.443156125485827,0.964446975939157,0.121882012043157,0.00563359644577776,1.70528108671298,0.106051503223648,0.0641108735754093,0.433611236479763,1.86326244177569,0.121882012043157,0.00563359644577776,2.59455166354344,0.106051503223648,0.0641108735754093,87.6161699583271,15.067959220448,0.00563359644577776,102.85992515202,100.265373488477,1.54249983314021,0.0252241255251632
French Polynesia,2A,,,Asia-Pacific,HI,0.28,0.203573103000907,0.0167615748872561,0.00877848197927245,0.986937103211875,0.991451071048994,0,2.2075013341283,0.767588084731191,0.620122779692002,0.115157839023694,1.75407642140951,0.845386820700499,0,4.1023319455569,0.203573103000907,0.0326755934207359,0.707486138969459,0.41590089875055,0,1.35963573414165,-2.74269621141525,2.43889779896122,3.01722869040857
"GDP per capita (Constant 2010 US$) source: The World Bank. 2016. ""World Development Indicators."" URL: http://data.worldbank.org/data-catalog/world-development-indicators",,,,,,,,,,,,,,,,,,,,,,,,,,,,,
Gabon,2A,0.694,9508.148,Africa,UM,1.688,0.258422423203719,0.0271883680379244,1.16578241713687,0.69289351151351,0.105552458362049,0.0343402173705134,2.28417939562458,0.534796282563934,0.105332063571732,0.902084741132826,0.926120166735431,0.212526242253142,0.0343402173705134,2.71519971362758,0.258422423203719,3.5108608692148,19.0300879559523,2.86205424350119,0.0343402173705134,25.6957657092426,22.980565995615,1.61422690635228,0.105667203863512
Gambia,3A,0.45,530.318,Africa,LI,1.928,0.166488005517226,0.0365816518581444,0.210969279387686,0.0915460387331041,0.0995524741803353,0.0205466030068795,0.625684052683376,0.363243800294782,0.0436851643209584,0.19720128990719,0.239146171664233,0.10080112601727,0.0205466030068795,0.964624155211312,0.166488005517226,0.0365816518581444,0.189759297090419,0.29935872710544,0.0205466030068795,0.71273428457811,-0.251889870633202,0.573483511376435,1.35341343342604
Georgia,3A,0.768,3851.723,Middle East/Central Asia,LM,4.035,0.132548709904047,0.27354560024399,0.0640293980264262,0.765619996179976,0.00524776105556274,0.0306980225813296,1.27168948799133,0.353940926850838,0.258615630719127,0.147755966083148,1.09362127411731,0.012755983670355,0.0306980225813296,1.89738780402211,0.132548709904047,0.394555049482762,0.648434634718679,0.049078733159424,0.0306980225813296,1.25531514984624,-0.64207265417587,1.12802547439324,1.51148323530909
Germany,3A,0.924,45022.566,EU-28,HI,80.646,0.805887551667499,0.0641274841307229,0.432245901854774,3.21327983520665,0.0242628075440476,0.156701515495768,4.69650509589946,0.914828958741419,0.170903873798554,0.511525779962844,3.24154937028364,0.0519458359886375,0.156701515495768,5.04745533427086,0.805887551667499,0.0641274841307229,0.688715355389081,0.0750768864094176,0.156701515495768,1.79050879309249,-3.25694654117837,3.0007878125126,2.81900616949952
Ghana,3A,0.575,1659.776,Africa,LM,26.787,0.704182546331974,0.054704776336645,0.670958321627749,0.18345435457694,0.110480871959947,0.0809725246278848,1.80475339546114,0.571823214512924,0.0733988554774203,0.66339483397292,0.385263375072443,0.180419475960064,0.0809725246278848,1.95527227962366,0.704182546331974,0.243915150575234,0.274124782320307,0.0574594398415928,0.0809725246278848,1.36065444369699,-0.59461783592667,1.16243866230983,1.43700870465763
Greece,3A,0.865,22565.68,EU-28,HI,11.001,0.995684471879116,0.144112590613575,0.0608134481474257,2.17810825403936,0.0376801173969401,0.057068144347019,3.47346702642343,1.05470305645408,0.327646760182881,0.276551909312783,2.47973905019643,0.0978999657693224,0.057068144347019,4.29360888626252,0.995684471879115,0.144112590613575,0.231897469254175,0.175215821929934,0.057068144347019,1.60397849802382,-2.6896303882387,2.55261480574421,2.67684940387446
Grenada,2B,0.751,7932.668,Latin America,UM,0.106,,,,,,,1.85664316622355,,,,,,,3.10287448380638,,,,,,2.17661845539643,-0.92625602840995,1.84470536500697,1.42554818283081
Guadeloupe,3A,,,Latin America,,0.466,0.115178629071458,0.0269690283792408,0.0128266102950795,1.89357503865756,0.0675789516620866,0.00294125853148761,2.11906951659691,0.115916973755253,0.0269690283792408,0.159871661059054,3.60189897105986,0.239324760680418,0.00294125853148761,4.14692265346531,0.115178629071458,0.0269690283792408,0.132142361406053,0.178567455731389,0.00294125853148761,0.455798733119628,-3.69112392034568,2.46540764282934,9.09814431708154
Guatemala,2A,0.637,3007.9,Latin America,LM,16.015,0.45077834729314,0.150137888057826,0.497045458928246,0.371255890236264,0.033829264588815,0.0885534934593427,1.59160034256363,0.415715609021503,0.157623043099581,0.572433947830047,0.56726904990218,0.0379905575454495,0.0885534934593427,1.8395857008581,0.45077834729314,0.150137888057826,0.314556797596747,0.0444103668895551,0.0885534934593427,1.04843689329661,-0.79114880756149,1.09366125812481,1.7545984051304
Guinea,3A,0.414,699.964,Africa,LI,12.276,0.36145052215492,0.380351927242492,0.41873619499807,0.0686121234708625,0.0450255546498168,0.0431268496180373,1.3173031721342,0.405745050663346,0.383709924320166,0.41963465216079,0.166816448080027,0.0434256799979618,0.0431268496180373,1.46245860484033,0.36145052215492,0.708684561820403,0.587522171926236,0.287078997854256,0.0431268496180373,1.98786310337385,0.52540449853352,0.869453549774304,0.735693822355377
Guinea-Bissau,3A,0.421,545.898,Africa,LI,1.801,0.519745425187312,0.332208350481991,0.639428787739631,0.0518202815467089,0.0134288377806582,0.0659657142289154,1.62259739696522,0.173052112496102,0.335934853082129,0.600608906633059,0.102002390448888,0.00200355095191016,0.0659657142289154,1.279567527841,0.519745425187312,0.332208350481991,0.310121300133452,1.67132120557773,0.0659657142289154,2.8993619956094,1.6197944677684,0.760722064593926,0.441327274682738
Guyana,3A,0.638,3598.291,Latin America,LM,0.764,0.787026305998697,0.0796741222370307,0.913250649882604,0.904506336651823,0.0721061953478403,0.0702008239766687,2.82676443409466,0.639213442984603,0.110549008992834,0.774170850102806,1.23889142786531,0.0389830328042236,0.0702008239766687,2.87200858672645,0.787026305998697,1.58379099341942,60.9847736462379,5.37608611863898,0.0702008239766687,68.8018778882717,65.9298693015453,1.70745213057447,0.0417431714784056
"HDI source:  United Nations Development Programme. 2016. ""Human Development Report 2016."" URL:http://hdr.undp.org/en/data",,,,,,,,,,,,,,,,,,,,,,,,,,,,,
Haiti,3A,0.49,728.78,Latin America,LI,10.572,0.236820037563443,0.0314881988218406,0.0915954814937201,0.100730569642356,0.00255639485045984,0.0357933313860804,0.4989840137579,0.350894578959738,0.0364174257693446,0.096239284545376,0.136766739803962,0.0170080714755149,0.0357933313860804,0.673119431940016,0.236820037563443,0.0314881988218406,0.00783949258675379,0.011670644390799,0.0357933313860804,0.323611704748917,-0.349507727191099,0.400179586338587,2.08002189680461
Honduras,2B,0.623,2059.475,Latin America,LM,7.962,,,,,,,1.51562637869954,,,,,,,1.66132698721893,,,,,,1.72955000770699,0.0682230204880601,0.98768378235981,0.960554467818766
Hungary,2A,0.834,14119.07,EU-28,HI,9.89,1.74428092250065,0.0250546504833061,0.327215132101619,1.50803803705712,0.0019181006522671,0.179789230096405,3.78629607289137,0.911376880373426,0.0638427816654793,0.372966595401761,2.0549763310807,0.02078737697998,0.179789230096405,3.60373919559775,1.74428092250065,0.0593043951775708,0.694481443211219,0.00477293662156431,0.179789230096405,2.68262892760741,-0.921110267990339,2.14247693965693,1.34336104353123
Income groups reflect current World Bank classification.,,,,,,,,,,,,,,,,,,,,,,,,,,,,,
India,3A,0.615,1646.781,Asia-Pacific,LM,1295.292,0.349075930152536,0.00325169052254403,0.118203654839095,0.54055197817989,0.0207235512782144,0.0499855064810094,1.08179231145329,0.334493713759791,0.00790494588208859,0.128853718361852,0.582396737302258,0.0164481532794449,0.0499855064810094,1.12008277506644,0.349075930152536,0.00325169052254403,0.021468208384059,0.0283921970832562,0.0499855064810094,0.452173532623404,-0.667909242443036,0.665905989816987,2.47710822119106
Indonesia,3A,0.686,3692.943,Asia-Pacific,LM,254.455,0.494505932971163,0.0175188133682602,0.281982004782516,0.593186575983419,0.273672622266316,0.0625212436461181,1.72338719301779,0.46463014099446,0.0299152771597875,0.210052490235508,0.612463150934887,0.228497409529233,0.0625212436461181,1.60807971249999,0.494505932971162,0.0553224397922542,0.28425842230909,0.374437113335153,0.0625212436461181,1.27104515205378,-0.33703456044621,0.956027479838178,1.26516332633945
"Iran, Islamic Republic of",2A,0.774,6161.104,Middle East/Central Asia,UM,78.144,0.361002660631708,0.069917299457917,0.00686353424722562,2.65477437024502,0.145799102598902,0.0714249004602042,3.30978186764097,0.565358961556144,0.0901029437909001,0.0584116969990021,2.48207025980528,0.136678961607384,0.0714249004602042,3.40404772421891,0.361002660631708,0.069917299457917,0.0612791134917947,0.191500057589426,0.0714249004602042,0.75512403163105,-2.64892369258786,2.02375736833003,4.50793191797412
Iraq,2A,0.649,5203.442,Middle East/Central Asia,LM,35.273,0.23363054692465,0.0176692213346359,0.00246911828325625,1.43112447126852,0.00230491842812909,0.0506200994191203,1.73781837565831,0.479828050634233,0.0325264569150267,0.0190957689742413,1.47286036337596,0.0117556903219271,0.0506200994191203,2.06668642964051,0.23363054692465,0.0176692213346359,0.04395518596405,0.00204916363743258,0.0506200994191203,0.347924217279889,-1.71876221236062,1.22867604359818,5.94004765117559
Ireland,3A,0.92,54527.289,EU-28,HI,4.675,0.624770473828395,0.745028694881531,0.413615677425474,2.58918720297806,0.399186329981489,0.101228201801792,4.87301658089674,1.04542383378963,0.411332701165712,0.427701270265719,2.5845240911882,0.136440491186868,0.101228201801792,4.70665058939792,0.624770473828394,0.745028694881531,0.495852342737401,1.47576357993552,0.101228201801792,3.44264329318464,-1.26400729621328,2.79817428606543,1.36716185458877
Israel,3A,0.898,32661.295,Middle East/Central Asia,HI,7.939,0.154900036807918,0.00647162631837102,0.00232409534281591,2.80587831035832,0.00153899007693536,0.0591346583162835,3.03024771722064,0.807150691222481,0.240854678637193,0.335019231382087,3.15395140944996,0.0834500370329919,0.0591346583162835,4.679560706041,0.154900036807918,0.00647162631837102,0.0321265238532043,0.0155910797012681,0.0591346583162835,0.268223924997045,-4.41133678104396,2.78206894457427,17.4464701688806
Italy,3A,0.881,33626.055,EU-28,HI,59.821,0.445813415952195,0.0419249529795161,0.0937918638895929,1.91814066522385,0.0180289957707502,0.0490137105684759,2.56671360438438,0.814513509055094,0.312491955819661,0.461416286767315,2.52639525212284,0.128279297983943,0.0490137105684759,4.29211001231733,0.445813415952195,0.0419249529795161,0.338046492724072,0.0621876993563199,0.0490137105684759,0.936986271580579,-3.35512374073675,2.55172370272905,4.58076083129487
Jamaica,2A,0.729,4714.861,Latin America,UM,2.783,0.157791722686009,0,0.111552284960631,0.926386770753796,0.00652831576679138,0.0455664328760487,1.24782552704328,0.427423141718417,0.0772632866281461,0.181303603955259,0.960811097669543,0.0808691807820372,0.0455664328760487,1.77323674362945,0.157791722686009,0,0.102174447018615,0.114202505115809,0.0455664328760487,0.419735107696481,-1.35350163593297,1.05421580907391,4.22465672066611
Japan,3A,0.902,46466.121,Asia-Pacific,HI,126.795,0.092488877151447,0.000030671508505147,0.118810418152124,3.41192538910391,0.218571195900817,0.0588178161981729,3.90064436801497,0.463006882990811,0.108003985258485,0.251481562706134,3.52381404317483,0.339120243461261,0.0588178161981729,4.7442445337897,0.092488877151447,0.00472719788862618,0.347431442691908,0.101072644764661,0.0588178161981729,0.604537978694815,-4.13970655509488,2.82052444920391,7.84771958253545
Jordan,3A,0.741,3348.827,Middle East/Central Asia,UM,7.416,0.0911485570790547,0.0168002833129417,0.0176992006067855,1.20022414332996,0.000835103234782832,0.0738255665577353,1.40053285412126,0.496958088907965,0.140427947105603,0.180530125937915,1.21265716146844,0.0316596541051997,0.0738255665577353,2.13605854408286,0.0911485570790547,0.0168002833129417,0.0247077091302614,0.00276259617252484,0.0738255665577353,0.209244712252518,-1.92681383183034,1.26991880490275,10.2084230520724
Kazakhstan,3A,0.793,10645.456,Middle East/Central Asia,UM,17.372,1.30475779255194,0.129746206837731,0.00936417580275368,4.75640925163495,0.0138571720076421,0.039621472637676,6.25375607147269,0.94730716423187,0.185312933483043,0.110009523345339,4.50513847848816,0.0259545902586918,0.039621472637676,5.81334416244478,1.30475779255194,1.8248910181424,0.224246759315603,0.0533431887377898,0.039621472637676,3.44686023138541,-2.36648393105937,3.45612019469719,1.68656219637551
Kenya,3A,0.55,1075.639,Africa,LI,44.864,0.225740130670435,0.229289561029356,0.242482205554783,0.111686368569413,0.0434102373986763,0.0432607942801691,0.895869297502832,0.255564548717306,0.227882941600849,0.260645028267285,0.208100253963869,0.0436591825697251,0.0432607942801691,1.0391127493992,0.225740130670435,0.229289561029356,0.0164891250182283,0.0180236904581162,0.0432607942801691,0.532803301456304,-0.506309447942896,0.61776809654008,1.95027460708109
Kiribati,1B,0.586,1565.243,Asia-Pacific,LM,0.11,,,,,,,29.1954749394083,,,,,,,5.8433564843258,,,,,,1.28774783851562,-4.55560864581018,3.47396296967219,4.53765582791535
"Korea, Democratic People's Republic of",3A,,,Asia-Pacific,LI,25.027,0.240931108480577,0.00148269490638639,0.136185102061817,2.36520645659984,0.0189069807020867,0.0583247515172508,2.82103709426795,0.28559769908423,0.00165277810741583,0.13745134343549,2.36520645659984,0.0243606308076167,0.0583247515172508,2.87259365955184,0.240931108480577,0.00148269490638639,0.197414207289947,0.0941765188573285,0.0583247515172508,0.592329281051489,-2.28026437850035,1.70779996513419,4.84965668834146
"Korea, Republic of",3A,0.899,24323.572,Asia-Pacific,HI,50.074,0.137412150243595,0.000887256616010398,0.0669206348121138,4.18681007502894,0.402835740238315,0.0615564170290969,4.85642227396807,0.712895527327246,0.126808448083849,0.216904768302615,4.21878391267127,0.478766875106332,0.0615564170290969,5.81571594852041,0.137412150243595,0.000887256616010398,0.0905699201559463,0.395550692706512,0.0615564170290969,0.68597643675116,-5.12973951176925,3.45753025705105,8.47801125074224
Kuwait,3A,0.799,36259.391,Middle East/Central Asia,HI,3.753,0.0346995082826243,0.00610101871721737,0.00197170996238708,7.79268320572502,0.00365976347479059,0.243153033130991,8.08226823929303,0.623584594719058,0.311122247081064,0.199018623114886,6.19621423304044,0.0760598617535476,0.243153033130991,7.64915259283999,0.0346995082826243,0.00610101871721737,0.00312960717086334,0.323913492372193,0.243153033130991,0.610996659673889,-7.0381559331661,4.54753580894425,12.5191397886244
Kyrgyzstan,2A,0.662,1003.51,Middle East/Central Asia,LI,5.844,0.342306663696675,0.215915819310683,0.00353583148019547,0.570474129835582,0.000305114205949568,0.0625301715103372,1.19506773003942,0.45837368796318,0.224243148318398,0.111094060947527,0.880820543078833,0.0160097365546344,0.0625301715103372,1.75307134837291,0.342306663696675,0.59300513949701,0.0566554450765634,0.0512750531594211,0.0625301715103372,1.10577247294001,-0.6472988754329,1.04222717949467,1.58538161445806
Lao People's Democratic Republic,3A,0.582,1470.5,Asia-Pacific,LM,6.689,0.745564380643855,0.00922909361615954,0.754795058043461,0.100463923920435,0.0127578700417739,0.146023671867143,1.76883399813283,0.769501391060119,0.122167428558953,0.573655690633906,0.152551124562776,0.020102746946092,0.146023671867143,1.78400205362899,0.745564380643855,0.124589215480962,0.782180730008305,0.0329802821336823,0.146023671867143,1.83133828013395,0.0473362265049599,1.06061594714452,0.974152112136542
Latvia,3A,0.828,13786.429,EU-28,HI,1.989,1.42320659388792,0.183005610027031,4.37062729804162,1.26090011721862,0.23852914858215,0.0560185874216115,7.53228735517896,0.981874068738574,0.156168386257033,2.42140958244222,1.80268613856489,0.207638629807605,0.0560185874216115,5.62579539323194,1.42320659388792,0.323417331921265,4.19057063072355,2.01458899511966,0.0560185874216115,8.00780213907401,2.38200674584207,3.34461964171866,0.702539260527044
Lebanon,3A,0.763,7447.364,Middle East/Central Asia,UM,5.612,0.156015117363088,0.0375271150517209,0.00218461406477149,1.51201622316962,0.00443010622022917,0.065033509733105,1.77720668560253,0.596831173042619,0.264855230137972,0.225210764517112,2.15204057613745,0.0499193633373421,0.065033509733105,3.3538906169056,0.156015117363088,0.0375271150517209,0.0459509274511234,0.00608828228782801,0.065033509733105,0.310614951886865,-3.04327566501874,1.99393821662506,10.7975826550912
Lesotho,3A,0.495,1323.238,Africa,LM,2.109,0.0496545291661003,0.417971191094684,0.387027049309347,0.402310067190547,0.0000359476461626079,0.00996992365797577,1.26696870806482,0.196622097532384,0.330424127216854,0.400714155242313,0.514040805873142,0.0106401378709717,0.00996992365797577,1.46241124739364,0.0496545291661003,0.72402547609302,0.00257139310368229,0,0.00996992365797577,0.786221322020779,-0.676189925372861,0.869425395062781,1.86005035278729
Liberia,3A,0.427,376.589,Africa,LI,4.397,0.152565760888737,0.0199419178951134,0.785695643268028,0.073129359856014,0.0212796184627376,0.0341283080813958,1.08674060845203,0.230192424343901,0.0295305260372075,0.766741004525176,0.0885344058492881,0.0460609955233199,0.0341283080813958,1.19518766436029,0.152565760888737,0.588200257826399,1.3485293988744,0.308632853282532,0.0341283080813958,2.43205657895346,1.23686891459317,0.710556971653887,0.491430863370207
Libyan Arab Jamahiriya,3A,0.719,,Africa,UM,6.259,0.17071124706686,0.225960036733086,0.0744918923956124,2.74151134823318,0.0372394596839725,0.0202145434100171,3.27012852752273,0.909503867306301,0.363324667302612,0.121528861715903,2.82098878298999,0.0988254477357422,0.0202145434100171,4.33438617046057,0.17071124706686,0.225960036733086,0.0195871462377369,0.25272128321138,0.0202145434100171,0.689194256659081,-3.64519191380149,2.57685751208735,6.28906310315443
Lithuania,3A,0.846,14932.603,EU-28,UM,2.917,2.32651550838187,0.111448953714704,1.52623589409041,1.48211582509942,0.256068017970661,0.0991404433144179,5.80152464257149,1.31357175211537,0.24001884529987,1.40734909099055,2.36450369365608,0.37228988334265,0.0991404433144179,5.79687370871893,2.32651550838187,0.111448953714704,2.15030568162039,0.310424435318307,0.0991404433144179,4.99783502234969,-0.79903868636924,3.44632826321213,1.15987696328431
Luxembourg,3A,0.896,107152.906,EU-28,HI,0.557,0.372713350687767,0.0733262380867237,0.409701686220471,6.05358780651311,0,0.101361259063142,7.01069034057122,1.08750344947193,0.715657306865934,0.785595155675179,9.44771594368398,0.147009006161232,0.101361259063142,12.2848421209214,0.372713350687768,0.0733262380867237,0.82772456409675,0.000686399868595657,0.101361259063142,1.37581181180298,-10.9090303091184,7.3035226809843,8.92915878140507
Macedonia TFYR,3A,0.746,4920.216,Other Europe,UM,2.076,0.47694724633156,0.168945742362779,0.140134201459151,1.35710868625956,0.00139366356527805,0.0288354007391886,2.17336494071751,0.688374262724071,0.22574859154704,0.29260505684183,1.81308154845298,0.0328822887308881,0.0288354007391886,3.08152714903599,0.47694724633156,0.168945742362779,0.927460536065606,0.0166067806880747,0.0288354007391886,1.61879570618721,-1.46273144284878,1.83201405468003,1.90359236638574
Madagascar,3A,0.511,408.661,Africa,LI,23.572,0.239716950758365,0.344683702445971,0.226906262300035,0.044878120333722,0.0205134333673157,0.055661636825818,0.932360106031227,0.250310899102563,0.342522858956598,0.229538626923416,0.0760184812324843,0.0225351398241659,0.055661636825818,0.976587642865045,0.239716950758365,1.24081005324548,0.74632891051214,0.202920092281453,0.055661636825818,2.48543764362326,1.50885000075822,0.580595984012441,0.392923815799852
Malawi,3A,0.473,484.369,Africa,LI,16.695,0.459302473048272,0.0520190965794168,0.187624380149124,0.0262814053681247,0.0118366772519163,0.0563358956098035,0.793399928006658,0.440443420728274,0.0523252194528916,0.186187793027827,0.0759083812174747,0.0130020716903183,0.0563358956098035,0.824202781726589,0.459302473048272,0.0720080779676549,0.0213630346057668,0.0532972615564987,0.0563358956098035,0.662306742787996,-0.161896038938593,0.49000090117715,1.24444268566116
Malaysia,3A,0.787,10398.227,Asia-Pacific,UM,29.902,0.759929438597026,0.00245769676239738,0.454398031997218,2.92412954181575,0.359009826357327,0.0752650052438024,4.57518954077352,0.64366762663463,0.134253242640189,0.350501928751625,2.80494427843195,0.413962015720745,0.0752650052438024,4.42259409742294,0.759929438597026,0.0136401599049267,0.710525013886498,0.828894194970644,0.0752650052438024,2.3882538126029,-2.03434028482004,2.62929844611573,1.85181075565953
Mali,3A,0.438,705.788,Africa,LI,17.086,0.561033348149314,0.623244324937247,0.157101255997457,0.0624341993950538,0.0202322101860942,0.0722181148363126,1.49626345350148,0.531521235302203,0.581929447534196,0.1586682446204,0.159637761701298,0.0341145607239939,0.0722181148363126,1.5380893647184,0.561033348149314,0.623244324937247,0.211066443315737,0.0430401098043973,0.0722181148363126,1.51060234104301,-0.0274870236753899,0.914417169551628,1.018196068501
Malta,3A,0.853,24080.23,EU-28,HI,0.418,0.0941006254665828,0,0,1.97707942703816,0.0990204893908682,0.0507976070678037,2.22099814896341,0.803425146390215,0.345544048587143,0.211646262889345,2.94672542152558,0.530405727614706,0.0507976070678037,4.8885442140748,0.0941006254665828,0,0.000748947928688508,0.474843490022866,0.0507976070678037,0.620490670485941,-4.26805354358886,2.90631277089721,7.87851364509044
Martinique,2B,,,Latin America,,0.396,,,,,,,2.23377576569329,,,,,,,4.46780721854905,,,,,,0.376130592829252,-4.0916766257198,2.6561783239662,11.8783404055018
Mauritania,2A,0.513,1326.159,Africa,LM,3.97,0.119278355122286,1.47677516557704,0.194808169848211,0.234724277416897,0.205723140967078,0.0492443656716712,2.28055347460318,0.400125773755334,1.31851139652033,0.204025623998439,0.322718412432413,0.00861102890327967,0.0492443656716712,2.30323660128147,0.119278355122286,2.8110685763158,0.0432062321676209,1.3280956632202,0.0492443656716712,4.35089319249758,2.04765659121611,1.36930866441373,0.529370981860238
Mauritius,2B,0.779,9163.634,Africa,UM,1.269,,,,,,,1.46973979698757,,,,,,,3.4950442926505,,,,,,0.711835059330849,-2.78320923331965,2.0778561914887,4.90990749449173
Mexico,3A,0.758,9492.991,Latin America,UM,125.386,0.341351016412766,0.234328797748552,0.14930952984567,1.27088496022032,0.0729433067812928,0.045847789577006,2.1146654005856,0.504132908885889,0.245427853937654,0.250295229766108,1.42510020204889,0.0777743699056334,0.045847789577006,2.54857835412118,0.341351016412766,0.234328797748552,0.445763724043261,0.134698357996989,0.045847789577006,1.20198968577857,-1.34658866834261,1.51516801195924,2.12029968665694
"Micronesia, Federated States of",2B,0.637,2716.323,Asia-Pacific,LM,0.104,,,,,,,12.0138014151611,,,,,,,5.68478835969933,,,,,,3.82996006508596,-1.85482829461337,3.37969184406136,1.48429442163694
Moldova,3A,0.701,1986.941,Other Europe,LM,4.072,0.950106445565976,0.0603741220291567,0.135714413276542,0.649902971121049,0.0000388250221278272,0.0550237321465116,1.85116050916136,0.665640638066372,0.0689991753538284,0.226125727201402,0.855570450052542,0.056025289786294,0.0550237321465116,1.92738501260695,0.950106445565976,0.0603741220291567,0.0857675154895698,0.00884842172119355,0.0550237321465116,1.16012023695241,-0.76726477565454,1.14585926428725,1.66136659909503
Mongolia,2A,0.733,3901.867,Asia-Pacific,LM,2.91,0.213522927062626,4.62919244897284,0.118644109578617,4.1612935382958,0.0000258651740319892,0.065673784855861,9.18835267393978,0.28378190980507,4.5890004513025,0.162906105515762,4.39463469701882,0.00387262146674975,0.065673784855861,9.49986956996476,0.213522927062626,7.95572962722187,6.59033047117088,0.133436330582878,0.065673784855861,14.9586931408941,5.45882357092934,5.64781477756804,0.635073497429665
Montenegro,3A,0.804,7045.118,Other Europe,UM,0.625,0.0558396924252923,0.107279322908108,0.70717266125235,1.2107126194371,0.00991152078916705,0.0205712180145177,2.11148703482654,0.573663759403128,0.27786621166188,0.513345868837718,1.97686630128273,0.0543893859223008,0.0205712180145177,3.41670274512228,0.0558396924252923,0.107279322908108,2.5917258309433,0.242595647017401,0.0205712180145177,3.01801171130862,-0.39869103381366,2.03128096784285,1.13210387233414
Montserrat,1B,,,Latin America,,0.005,,,,,,,3.42874278413945,,,,,,,4.62612384139981,,,,,,1.35089803915077,-3.27522580224904,2.7502999280036,3.42448038810389
Morocco,2A,0.645,3110.209,Africa,LM,33.921,0.399250765589134,0.165035116918959,0.0846628952951468,0.594547691334279,0.135911820100778,0.0405298105989307,1.41993809983723,0.590844518592936,0.164801893658456,0.15480898910116,0.709257298677816,0.0893200721645204,0.0405298105989307,1.74956258279382,0.399250765589134,0.165035116918959,0.0936831291022956,0.0718700824937276,0.0405298105989307,0.770368904703047,-0.979193678090773,1.04014116579284,2.27107113502747
Mozambique,3A,0.414,493.252,Africa,LI,27.216,0.244354151948781,0.025942694388074,0.287782183752493,0.0666980041754727,0.0152183351353535,0.0499969146896982,0.689992284089872,0.283779367061278,0.0306741284854772,0.271216133174502,0.20652748410124,0.0274931842707743,0.0499969146896982,0.86968721178297,0.244354151948781,0.894183114127896,0.552810119199917,0.155400959919505,0.0499969146896982,1.8967452598858,1.02705804810283,0.517042076251161,0.458515558296602
Myanmar,3A,0.552,1266.124,Asia-Pacific,LI,53.437,0.943368628317341,0.00477411357869379,0.354843596222429,0.130056728460727,0.0609401897551237,0.119043047960486,1.6130263042948,0.860316638305379,0.00547757710076503,0.331934637506989,0.180574438592335,0.05133144487686,0.119043047960486,1.54867778434281,0.943368628317341,0.00477411357869379,0.530353596841312,0.284100662262283,0.119043047960486,1.88164004896012,0.33296226461731,0.92071214364421,0.82304678049273
NOTES:,,,,,,,,,,,,,,,,,,,,,,,,,,,,,
Namibia,2A,0.637,5901.243,Africa,UM,2.403,0.137549478504714,1.29617106224833,0.214818378841042,0.557757852531682,1.7820425281236,0.01980338420894,4.00814268445831,0.335598007141726,0.16991645248032,0.243692854326812,1.07122394998188,0.246360827339293,0.01980338420894,2.08659547547897,0.137549478504714,1.51816693241593,0.328845915271121,4.51428333681004,0.01980338420894,6.51864904721075,4.43205357173178,1.24051226960798,0.320096305287642
Nepal,3A,0.555,675.735,Asia-Pacific,LI,28.175,0.38649159993051,0.0471502657532401,0.200299748197224,0.0780370280174085,0.00117212006617047,0.109888903088399,0.823039665052953,0.439560726608416,0.0600054176853661,0.209811332224973,0.202260589615555,0.00481757366111959,0.109888903088399,1.02634454288383,0.38649159993051,0.0471502657532401,0.0581712042799992,0.004998310858377,0.109888903088399,0.606700283910526,-0.419644258973304,0.610177206485279,1.6916829777439
Netherlands,3A,0.923,50497.238,EU-28,HI,16.868,0.227461396602287,0.0430012669025297,0.0456302074560153,3.13165263352664,0.0933714984443997,0.0894033603014818,3.63052036323336,0.996576422076042,0.506549334589481,0.397781419824967,3.85529473332674,0.0778678171984972,0.0894033603014818,5.92347308731721,0.227461396602287,0.0430012669025297,0.0780228874128945,0.42633513294935,0.0894033603014818,0.864224044168543,-5.05924904314867,3.52159349038313,6.85409429104243
New Zealand*,3D,0.913,36006.023,Asia-Pacific,HI,4.495,0.37431703363396,2.67789484669551,4.81046157501406,2.58638928070478,1.8878813091915,0.086922711068972,12.4238667563088,0.559639915312308,0.124756707645854,1.16677560348204,2.50070342475094,0.690310576847599,0.086922711068972,5.12910893910772,0.37431703363396,2.67789484669551,5.90751237065184,0.866041871237952,0.086922711068972,9.91268883328824,4.783579894180519,3.049332103846596,0.517428623592363
Nicaragua,3A,0.642,1812.995,Latin America,LM,6.014,0.362536705890265,0.587926190511666,0.407516996157535,0.274349944656972,0.103827091584738,0.0431305250073698,1.77928745380854,0.287030724513384,0.255036468580185,0.418839558833946,0.440609170653737,0.0305807574854315,0.0431305250073698,1.47522720507405,0.362536705890265,0.587926190511666,0.729382203903912,0.490598792401401,0.0431305250073698,2.21357441771461,0.73834721264056,0.877044673900562,0.666445723833915
Niger,3A,0.351,386.726,Africa,LI,19.114,0.875140669277439,0.465919953963818,0.242582336234036,0.0360069639110765,0.0229232696946601,0.0416335060186433,1.68420669909967,0.903220856581316,0.452335704446496,0.244835437012669,0.0886470165393848,0.024510238431749,0.0416335060186433,1.75518275903026,0.87514066927744,0.465919953963818,0.045433179939418,0.000577112238480143,0.0416335060186433,1.4287044214378,-0.32647833759246,1.04348244476166,1.22851356284311
Nigeria,3A,0.525,2563.092,Africa,LM,177.476,0.506344122889336,0.090085726857269,0.180394791033074,0.129671369054446,0.01990493255086,0.0523309801005736,0.978731922485559,0.53994974580154,0.0946840259476226,0.187596773989407,0.17980913554879,0.0609361166940783,0.0523309801005736,1.11530677808201,0.506344122889336,0.113592289657904,0.0141009828052943,0.0178049689852383,0.0523309801005736,0.704173344438346,-0.411133433643664,0.663066588060192,1.58385259381209
Norway,3A,0.948,89274.953,Other Europe,HI,5.148,0.282180374939824,0.326750894929457,1.54019803390492,2.81278999151517,5.93735418764614,0.0552128697125026,10.954486352648,0.965323943669194,0.327358839186537,0.895567858024866,2.7859617901448,1.00332113300628,0.0552128697125026,6.03274643374418,0.282180374939824,0.595296499117134,3.49523744012739,2.98367050290195,0.0552128697125026,7.41159768679879,1.37885125305461,3.58655813186577,0.813960321198956
"Note that these numbers assume people use biocapacity fully. However, wild species also require biologically productive space. When subtracting a portion of biocapacity for wild species, the ratios get larger.",,,,,,,,,,,,,,,,,,,,,,,,,,,,,
Number of Countries Required: This represents how many times the country's biocapacity is needed in order to provide for the country's consumption Footprint.,,,,,,,,,,,,,,,,,,,,,,,,,,,,,
Number of Earths Required: This represents the number of planet Earths that would be required if everyone in the world lived the average lifestyle of a resident in this country.,,,,,,,,,,,,,,,,,,,,,,,,,,,,,
Oman,3A,0.795,17132.088,Middle East/Central Asia,HI,4.236,0.0495979019563289,0.0344106348307642,0.00399341713849959,5.50430302025797,0.464616726197517,0.184942117397226,6.24186381777831,0.452703131953211,0.34021487401453,0.151006764908097,4.851856687586,0.335028682102785,0.184942117397226,6.31575225796185,0.0495979019563289,0.0344106348307642,0.000887299346611113,1.2719110158607,0.184942117397226,1.54174896939163,-4.77400328857022,3.75480933409362,4.09648547419106
Pakistan,3A,0.548,1111.196,Asia-Pacific,LM,185.044,0.307451617770386,0.00379113861309211,0.0727831144472582,0.265515486333612,0.0214190084284961,0.0425050983849365,0.713465463977782,0.312222434108497,0.00109692227310497,0.0826345855903904,0.336160722090674,0.0140418996299758,0.0425050983849365,0.788661662077578,0.307451617770386,0.00379113861309211,0.00876485443210113,0.0349041309523776,0.0425050983849365,0.397416840152894,-0.391244821924684,0.468871173101763,1.98446966105957
Panama,3A,0.785,10229.227,Latin America,UM,3.868,0.147237709947774,0.42786154872233,0.141783135132643,1.01305416079724,0.595746265047868,0.0266723468804422,2.3523551665283,0.358272813240514,0.40328325993309,0.1807404585631,1.02608618321464,0.329823277994968,0.0266723468804422,2.32487833982675,0.147237709947774,0.42786154872233,1.68756142763808,0.599877478284361,0.0266723468804422,2.88921051147299,0.56433217164624,1.38217500219533,0.80467599387262
Papua New Guinea,2A,0.515,2271.483,Asia-Pacific,LM,7.464,0.404268387488516,0.000177126957840968,0.715242792550004,0.291072830591729,0.881339393385759,0.156084387375605,2.44818491834945,0.331493050239533,0.0407386155428753,0.359939648511407,0.258612729028416,0.702359780872826,0.156084387375605,1.84922821157066,0.404268387488516,0.0362062672695517,2.53367863849316,0.703083923268119,0.156084387375605,3.83332160389495,1.98409339232429,1.09939387519857,0.482408835640532
Paraguay,3A,0.692,3761.912,Latin America,LM,6.553,2.46645513345542,2.23104713427204,0.84828046937502,0.298877323338398,0.00493270686303146,0.123533305323045,5.97312607262695,0.776196821492407,1.44668498641848,0.871800992557642,0.449585217847724,0.00793260228620152,0.123533305323045,3.6757339259255,2.46645513345542,2.34691693963445,5.38238866756111,0.0530394648412226,0.123533305323045,10.3723335108152,6.6965995848897,2.18527888539497,0.35437868654077
Peru,3A,0.737,5823.964,Latin America,UM,30.973,0.321956539791277,0.502906331120819,0.123647763097205,0.58023050050769,0.5825851033762,0.0676978471418205,2.17902408503501,0.456103457044834,0.491086016219955,0.185732635955126,0.729166309384588,0.36445120648816,0.0676978471418205,2.29423747223448,0.321956539791277,0.502906331120819,2.69745932352018,0.198213657557618,0.0676978471418205,3.78823369913171,1.49399622689723,1.3639585473787,0.605621947970194
Philippines,3A,0.679,2505.819,Asia-Pacific,LM,99.139,0.343180836420565,0.00482337606972116,0.0758220995081834,0.389117512474534,0.206372300615752,0.0600565384826029,1.07937266357136,0.35708093028281,0.025805770423693,0.0934900617216514,0.36346535861159,0.204391058069352,0.0600565384826029,1.1042897175917,0.343180836420565,0.0156719508578106,0.0930945261380561,0.0664417191448148,0.0600565384826029,0.578445571043849,-0.525844146547851,0.656516780551333,1.90906417625244
Poland,3A,0.852,14088.746,EU-28,HI,38.62,1.05872567369613,0.0667272542702917,0.705042605480583,2.6198840309414,0.0283098408409963,0.0887107621542414,4.56740016738364,0.836747908762735,0.0469739709203061,0.844607146184536,2.55511666060538,0.0704632098942788,0.0887107621542414,4.44261965852148,1.05872567369613,0.0667272542702917,0.75440923043962,0.107192471854436,0.0887107621542414,2.07576539241472,-2.36685426610676,2.64120394219317,2.14023206801488
Population data are from the UN FAO,,,,,,,,,,,,,,,,,,,,,,,,,,,,,
Portugal,3A,0.841,21533.49,EU-28,HI,10.402,0.252336871500286,0.0639247597954491,0.739710379929603,1.51657929882701,0.222681443879425,0.0244687411603605,2.81970149509214,0.838881159334892,0.273293859546451,0.137646374299089,2.08781777410525,0.325768576528507,0.0244687411603605,3.68787648497455,0.252336871500286,0.0639247597954491,0.855274840176463,0.074291649923393,0.0244687411603605,1.27029686255595,-2.4175796224186,2.19249781865818,2.90316113790458
Qatar,3A,0.855,67901.219,Middle East/Central Asia,HI,2.172,0.00889085856375632,0.000084994191131258,0.000901200297542376,14.5838439033647,0.0806248778153638,0.0521489311777341,14.7264947654103,0.491825362449673,0.302089604183775,0.20304680378589,14.4141529843802,0.190718122161787,0.0521489311777341,15.6539818081391,0.00889085856375632,0.000084994191131258,0,1.11627585155298,0.0521489311777341,1.1774006354856,-14.4765811726535,9.30652669835731,13.2953740097846
Regional totals are based on groupings defined by UNStats. ,,,,,,,,,,,,,,,,,,,,,,,,,,,,,
Romania,3A,0.798,9158.52,EU-28,UM,19.652,1.22823434696853,0.122420850081229,0.471930089705698,1.3266752301724,0.00124450849481506,0.15954590890101,3.31005093432368,0.793326416963892,0.0677917674115356,0.349461384110127,1.39218242037787,0.0362167940760904,0.15954590890101,2.79852469184052,1.22823434696853,0.122420850081229,1.2753666809534,0.0926182140091732,0.15954590890101,2.87818600091334,0.07966130907282,1.66376485419731,0.972322390197318
Russian Federation,3A,0.805,11493.727,Other Europe,UM,143.429,0.968268991497992,0.021778703571875,0.968015844376779,3.8117450062896,0.252688642289306,0.0372078633908592,6.05970505141641,0.924761700116974,0.146556739440951,0.683847511453469,3.57768516743221,0.198161058935148,0.0372078633908592,5.56822004076961,0.968268991497992,0.344267427636779,4.33273288817559,1.19429188531995,0.0372078633908592,6.87676905602117,1.30854901525156,3.31039023213934,0.809714561505331
Rwanda,3A,0.493,672.749,Africa,LI,11.342,0.351389059093407,0.0519757036057351,0.245058420419161,0.0254582515780033,0.00275617014750986,0.0475682118198523,0.724205816663668,0.351889107138972,0.0348594827450377,0.247591544781976,0.081086539949779,0.0122366178739835,0.0475682118198523,0.775231504309601,0.351389059093407,0.0519757036057351,0.0143562482812497,0.00541414335809614,0.0475682118198523,0.47070336615834,-0.304528138151261,0.460886743110548,1.6469640118291
RÃ©union,2B,,,Africa,,0.855,,,,,,,1.97144777532826,,,,,,,5.43347144091208,,,,,,0.186221978227803,-5.24724946268428,3.23028017084565,29.1773908354973
Saint Lucia,3A,0.735,7987.526,Latin America,UM,0.184,0.0821908374403023,0.00149342647743504,0.0206878061317308,0.762092080887445,0.167003695588858,0.00192342172875963,1.03539126825453,0.369771635393836,0.102309453986842,0.109695202331371,1.2167370378348,0.250906776384847,0.00192342172875963,2.05134352766046,0.0821908374403023,0.00149342647743504,0.093951757467496,0.140583464555287,0.00192342172875963,0.320142907669279,-1.73120061999118,1.21955445851793,6.40758698230974
Samoa,2B,0.702,3524.596,Asia-Pacific,LM,0.192,,,,,,,1.38926023678127,,,,,,,2.38606484639136,,,,,,1.87805133705681,-0.50801350933455,1.41855129698741,1.27050033154615
Sao Tome and Principe,2B,0.565,1240.998,Africa,LM,0.186,,,,,,,1.44436955291511,,,,,,,1.78578641117826,,,,,,1.01981140725589,-0.76597500392237,1.06167677443914,1.75109475974921
Saudi Arabia,1A,0.845,21183.465,Middle East/Central Asia,HI,30.887,0.0546002377797277,0.062748433093338,0.00342157923173107,6.34565158463207,0.0275478684156804,0.0245757957000861,6.51854549885264,0.744028375607602,0.237494405631798,0.217068236711438,4.70011480095016,0.0793477176110655,0.0245757957000861,6.00262933221215,0.0546002377797277,0.109740024782126,0.0594467533677362,0.165125454536212,0.0245757957000861,0.413488266165887,-5.58914106604626,3.56865306381853,14.5170487856213
Senegal,2A,0.491,1018.393,Africa,LM,14.673,0.201449728622108,0.165158010438624,0.185382590647316,0.186916520782046,0.176996084275573,0.026325065868195,0.942228000633864,0.320761499583095,0.188025582496273,0.199600612165014,0.268507428434056,0.108771516203623,0.026325065868195,1.11199170475026,0.201449728622109,0.165158010438624,0.426198854573481,0.162084301010256,0.026325065868195,0.981215960512665,-0.130775744237595,0.661095727301116,1.13327926725659
Serbia,3A,0.775,5593.061,Other Europe,UM,8.893,1.09095388770685,0.0176942809548354,0.374785118146971,1.54652327777703,0.00249869543450456,0.0643157489387066,3.0967710089589,0.806878115365059,0.0061917715125824,0.485201537090397,1.52693695774113,0.0291929157913397,0.0643157489387066,2.91871704643922,1.09095388770685,0.0176942809548354,0.494621585135599,0.00351995487751804,0.0643157489387066,1.67110545761351,-1.24761158882571,1.73522100961648,1.74657860947173
Sierra Leone,3A,0.431,563.174,Africa,LI,6.316,0.45490049713727,0.0965249466272205,0.3637886214069,0.0712713743934882,0.111563850595126,0.0594645195885991,1.1575138097486,0.505306431943378,0.107521989871429,0.361930842657256,0.0817220554102093,0.110927366125597,0.0594645195885991,1.22687320559647,0.45490049713727,0.33774723475794,0.186127012001832,0.214200986797261,0.0594645195885991,1.2524402502829,0.02556704468643,0.729394500602151,0.979586216044514
Singapore,3A,0.924,51865.719,Asia-Pacific,HI,5.507,0.000882022725113384,0,0.00214074530692037,3.3894536878334,0.00203660720780565,0.0422586438962475,3.43677170696948,0.583682876669849,0.236097871249844,0.346808203382141,4.41420316552095,0.234337289357481,0.0422586438962475,5.85738805007652,0.000882022725113384,0,0.00238471225304698,0.0131251420659445,0.0422586438962475,0.0586505209403524,-5.79873752913617,3.48230494571888,99.8693269243676
Slovakia,3A,0.842,18003.541,EU-28,HI,5.423,0.958279576180068,0.0553176273165719,1.16247606750511,2.1334140742176,0.00163288089117625,0.125234130767811,4.43635435687834,0.650187385694049,0.132817244822219,0.674869540826094,2.57033562361663,0.0421015868722395,0.125234130767811,4.19554551259905,0.958279576180068,0.0553176273165719,1.83896954563759,0.0021849275084524,0.125234130767811,2.9799858074105,-1.21555970518855,2.49431466100688,1.40790788404621
Slovenia,3A,0.888,23224.4,EU-28,HI,2.066,0.300963446853695,0.0868261065696563,1.49749187833927,2.26278206415053,0.00117240492994634,0.0249218494718289,4.17415775031492,0.656669924915828,0.182056082763202,0.930163210268255,2.83509088648713,0.0465524053610889,0.0249218494718289,4.67545435926734,0.300963446853695,0.0868261065696563,1.85566008011303,0.0042529219610595,0.0249218494718289,2.27262440496927,-2.40282995429807,2.77962765989985,2.05729303489133
Somalia,3A,,,Africa,LI,10.518,0.0526663986922829,0.552489434930348,0.520502133985089,0.0199000901069236,0.0043675097382007,0.0329342889503775,1.18285985640322,0.12907661656637,0.458285134371424,0.530630234863291,0.0521816402212332,0.00575738524588179,0.0329342889503775,1.20886530021858,0.0526663986922829,0.552489434930348,0.210679591524352,0.326842268824719,0.0329342889503775,1.17561198292208,-0.0332533172965002,0.718688531077279,1.02828596320858
South Africa,2A,0.665,7626.81,Africa,UM,53.969,0.29345640341257,0.161328681890775,0.278747836346696,2.85999742955248,0.0876050073928842,0.0350493461375714,3.71618470473298,0.333808929957168,0.10999592917373,0.23386439548952,2.61369879146528,0.0889615300484097,0.0350493461375714,3.41537892227168,0.29345640341257,0.563987594904548,0.0193472289930084,0.166106439123612,0.0350493461375714,1.07794701257131,-2.33743190970037,2.03049393532589,3.16841076828509
South Sudan,3A,0.421,820.114,,LM,11.911,0.262876013936187,0.989064319426174,0.145941832457885,0.043334819331276,0.00477132642613825,0.047568175983619,1.49355648756128,0.310986686209066,0.98930557133434,0.145957950105172,0.043334819331276,0.00493612297502118,0.047568175983619,1.54208932593849,0.262876013936187,0.989064319426174,0.339461470011706,0,0.047568175983619,1.63896997935769,0.0968806534192002,0.916795206420676,0.940889305698468
Spain,3A,0.882,29496.379,EU-28,HI,46.26,0.794662172928806,0.0983437294883697,0.224800874239792,1.8288136098886,0.39196684895077,0.0387556526864502,3.37734288818279,0.842889373487646,0.148714571699594,0.210784215559893,2.18825463188303,0.376544602352414,0.0387556526864502,3.80594304766902,0.794662172928806,0.0983437294883697,0.337129520355784,0.0591842480288619,0.0387556526864502,1.32807532348827,-2.47786772418075,2.26269015894364,2.86575842526197
Sri Lanka,3A,0.764,3506.732,Asia-Pacific,LM,20.619,0.290278217066717,0.00193025549816515,0.112614852252311,0.381989042922993,0.261573583904489,0.0563854066846764,1.10477135832935,0.347169539132766,0.0104321579854437,0.176876144635279,0.660300912766165,0.280805249445286,0.0563854066846764,1.53196941064962,0.290278217066717,0.0202492653541717,0.0451058644807362,0.0693764529956691,0.0563854066846764,0.481395206581971,-1.05057420406765,0.910778765174269,3.18235285624673
Sudan,3A,0.488,1837.138,,LM,39.35,0.464641645555048,0.350014438092561,0.167803488923137,0.127489323720767,0.000699548887049918,0.0383484905049031,1.14899693568347,0.526948508024352,0.346907924183866,0.177520571824482,0.127489323720767,0.00111153172018203,0.0383484905049031,1.21832634997855,0.464641645555048,0.350014438092561,0.278303187704754,0.0179781826804982,0.0383484905049031,1.14928594453776,-0.06904040544079,0.724313266896243,1.06007243520981
Suriname,3A,0.723,8942.961,Latin America,UM,0.538,0.404774361482008,0.0287890232402344,0.711370152334493,1.27864162260235,0.331632848432213,0.0957433926754911,2.85095140076678,0.551988645479475,0.0851768798151725,0.548857570086657,2.14315825940664,0.210465058896534,0.0957433926754911,3.63538980635997,0.404774361482008,0.0287890232402344,80.2689364642681,7.414159104616,0.0957433926754911,88.2124023462818,84.5770125399218,2.16129370191513,0.0412117764584744
Swaziland,2A,0.541,3980.774,Africa,LM,1.269,0.265970368704802,0.370644720793158,0.861335759974774,0.325865340843176,0.0000786696150221459,0.0701461859901739,1.89404104592111,0.340087460724066,0.415648070150847,0.84996377188044,0.703234681385727,0.0190151493040237,0.0701461859901739,2.39809531943528,0.265970368704802,0.500203243586699,0.0517631570640024,0.00463558446221961,0.0701461859901739,0.892718539807896,-1.50537677962738,1.4257035934414,2.68628376414287
Sweden,3A,0.909,53561.891,EU-28,HI,9.703,0.747121457942459,0.201524781906346,5.14695274134705,1.46910727720588,0.0810394279377992,0.140698794923647,7.78644448126319,1.01628236212067,0.424854149630192,1.61021463291551,3.25392278859567,0.145082359829635,0.140698794923647,6.59105508801532,0.747121457942459,0.212934961367815,6.47247403046722,2.16993801483345,0.140698794923647,9.74316725953459,3.15211217151927,3.91848099089175,0.676479722912009
Switzerland,3A,0.938,76410.859,Other Europe,HI,8.211,0.176876872258968,0.113466840923537,0.352495406799137,1.68294978983413,0.00222251143024128,0.0683387119040265,2.39635013315004,0.66358753648664,0.219505448444053,0.34612923300219,3.48166191105649,0.0712172934775377,0.0683387119040265,4.85044013437093,0.176876872258968,0.113466840923537,0.721423637965393,0.00636568964385746,0.0683387119040265,1.08647175269578,-3.76396838167515,2.88365932467332,4.46439598851595
Syrian Arab Republic,3A,0.553,,Middle East/Central Asia,LM,18.772,0.307047576187602,0.116274368357088,0.00214729889882265,0.536538081249927,0.0011373935007599,0.0292635669809977,0.992408285175198,0.515147484060644,0.0970757093340901,0.0292562801699541,0.779250611476486,0.0105823580729562,0.0292635669809977,1.46057601009513,0.307047576187602,0.116274368357088,0.0491543156531648,0.00441466455523507,0.0292635669809977,0.506154491734088,-0.954421518361042,0.868334318994996,2.88563281359252
Tajikistan,2A,0.625,892.64,Middle East/Central Asia,LI,8.296,0.295961892204412,0.134868078843767,0.00417048833990777,0.198591071118678,0.000229024906929347,0.0935212321291617,0.727341787542856,0.42386994929986,0.137678744528941,0.112038277082751,0.198683983715312,0.00265505120406311,0.0935212321291617,0.968447237960089,0.295961892204412,0.134868078843767,0.00631698864259823,0.0114795055390346,0.0935212321291617,0.542147697358974,-0.426299540601115,0.575756391344458,1.78631624311566
"Tanzania, United Republic of",3A,0.519,806.15,Africa,LI,51.823,0.631954674476256,0.312920626071697,0.215571394264745,0.0755809081563328,0.0815136305936433,0.0837870923469118,1.40132832590959,0.612631143398187,0.31317351007121,0.218834096092726,0.164749121476526,0.0735882551480765,0.0837870923469118,1.46676321853364,0.631954674476256,0.312920626071697,0.151451268713525,0.0566759587003559,0.0837870923469118,1.23678962030875,-0.22997359822489,0.872012707102702,1.18594399115953
Thailand,3A,0.738,5589.699,Asia-Pacific,UM,67.726,0.803529181466816,0.000931356388301529,0.259707832036251,1.35254272524373,0.122522623323433,0.0694507878716472,2.60868450633018,0.643242551636345,0.0170096420844553,0.200763628056819,1.42319568687122,0.13878741559489,0.0694507878716472,2.49244971211537,0.803529181466816,0.0106069177628314,0.194118835804582,0.193980257323918,0.0694507878716472,1.27168598022979,-1.22076373188558,1.4817986934196,1.95995690041734
Timor-Leste,2A,0.603,893.872,Asia-Pacific,LM,1.157,0.190396973073169,0.0592426546840251,0.0336615678159741,0.139445689914435,0.00440944902280657,0.0407122536523279,0.467868588162737,0.258862043460117,0.064299391352038,0.0387726581040444,0.139445689914435,0.0242650103768855,0.0407122536523279,0.566357046859848,0.190396973073169,0.0592426546840251,0.483713229524119,0.917200020132246,0.0407122536523279,1.69126513106589,1.12490808420604,0.336707748993517,0.334871828465423
Togo,3A,0.484,531.156,Africa,LI,7.115,0.361565005876944,0.102614981668928,0.25552288428598,0.11555850020326,0.00970641044773743,0.0263870655242742,0.871354848007125,0.386854355786088,0.0979432210806394,0.250733932266453,0.284213617991118,0.0606413364274582,0.0263870655242742,1.10677352907603,0.361565005876944,0.112192049030774,0.0219696140386016,0.0202386049810507,0.0263870655242742,0.542352339451645,-0.564421189624385,0.657993443688924,2.04069098364184
Tonga,2B,0.718,3581.837,Asia-Pacific,LM,0.106,,,,,,,1.49573875800916,,,,,,,3.30201084730052,,,,,,1.58890530960702,-1.7131055376935,1.96309491638031,2.07816716788315
Trinidad and Tobago,2A,0.779,16862.551,Latin America,HI,1.354,0.0479603373880796,0.00609087101497954,0.0960854336015887,9.76225266640955,0.0645664324023385,0.0013080620861293,9.97826380290267,0.482632085440715,0.193975969673013,0.390380550722887,5.49694329975415,0.124375120686047,0.0013080620861293,6.68961508836294,0.0479603373880796,0.00609087101497954,0.145689601744783,1.36085697742107,0.0013080620861293,1.56190584965504,-5.1277092387079,3.97707638763281,4.28298228721046
Tunisia,3A,0.723,4265.146,Africa,UM,11.13,0.397384904394365,0.0799746816279145,0.144002880909045,0.873147205636905,0.0582022705743169,0.0267576299374524,1.57946957308,0.650371064350784,0.0897195479223447,0.250720352172659,1.0807304114542,0.0740408090480117,0.0267576299374524,2.17233981488545,0.397384904394365,0.0799746816279145,0.052322252020919,0.232507987753321,0.0267576299374524,0.788947455733973,-1.38339235915148,1.2914885639272,2.7534657715126
Turkey,3A,0.764,13312.024,Middle East/Central Asia,UM,77.524,0.700821009200904,0.0887171376847598,0.190436727765914,1.54450435269676,0.0244736060701602,0.0340921613391682,2.58304499475767,0.80207178653944,0.108725564019497,0.321545394034535,1.9117292732268,0.02969649076948,0.0340921613391682,3.20786066992892,0.700821009200904,0.0887171376847598,0.574034262995616,0.0416667418644592,0.0340921613391682,1.43933131308491,-1.76852935684401,1.90712122546237,2.22871596050636
Turkmenistan,2A,0.688,6399.271,Middle East/Central Asia,LM,5.307,0.47031760313785,0.560332868400139,0,4.45249163253878,0.0037607295555585,0.0709768081541316,5.55787964178646,0.543978495414881,0.582312505047139,0.0856015711165415,4.27275226089083,0.00745705769972527,0.0709768081541316,5.56307869832325,0.47031760313785,1.92704328728028,0.014633907079043,0.125885025798816,0.0709768081541316,2.60885663145012,-2.95422206687313,3.30733362703216,2.13238191445999
Uganda,3A,0.488,642.877,Africa,LI,37.783,0.320001241241703,0.145950040848981,0.506982867338732,0.0475868191163078,0.100762037607683,0.0358475227187276,1.15713052887213,0.294869641999034,0.144744445221892,0.513101029294234,0.10109529006674,0.0972899397634014,0.0358475227187276,1.18694786906403,0.320001241241703,0.145950040848981,0.00989697985080868,0.0399290388009406,0.0358475227187276,0.551624823461161,-0.635323045602869,0.705658289909299,2.15173034022752
Ukraine,2A,0.748,3123.916,Other Europe,LM,45.002,1.85768144756221,0.00574118802185509,0.215210703129793,1.93735423475809,0.0256735429295375,0.083908295556568,4.12556941195806,1.02067506281128,0.0160567519886803,0.146292672188965,1.62082730756694,0.0762347482719221,0.083908295556568,2.96399483838435,1.85768144756221,0.144125033954282,0.428633125629478,0.153065257351251,0.083908295556568,2.66741316005379,-0.29658167833056,1.7621393352377,1.11118700423769
United Arab Emirates,3A,0.836,39034.375,Middle East/Central Asia,HI,9.086,0.0238859295164864,0.00123940003011362,0.000786003196425038,7.28328179573347,0.148308237335386,0,7.45750136581188,0.839851395224188,0.244828636974529,0.51279690288406,7.85340574553243,0.301698174145761,0,9.75258085476097,0.0238859295164864,0.00123940003011362,0.0665055477892982,0.465241990368354,0,0.556872867704252,-9.19570798705672,5.79805542226518,17.51311909838
United Kingdom,3A,0.908,40908.746,EU-28,HI,64.331,0.51219218563502,0.115578938665798,0.113819365502859,2.22907436814968,0.0924220547037976,0.155635160115936,3.21872207277309,0.832423409999477,0.249947414594488,0.483055357338255,2.99622855808252,0.0819262343236249,0.155635160115936,4.7992161344543,0.51219218563502,0.115578938665798,0.12217404264922,0.299472499597832,0.155635160115936,1.20505282666381,-3.59416330779049,2.85320588933249,3.98257738437985
United States of America,3A,0.918,50782.52,North America,HI,319.449,1.34175792657461,0.278579429880379,0.840459347367774,5.67610931917296,0.117326843175504,0.0834594484543393,8.33769231462557,1.03932711488,0.298852502738371,0.831752574647026,5.97744056762048,0.135219349953763,0.0834594484543393,8.36605155829397,1.34175792657461,0.278579429880379,1.54934341902514,0.330624398106868,0.0834594484543393,3.58376462204134,-4.78228693625263,4.9737429838212,2.33443109149523
"Unless otherwise noted, all data from Global Footprint Network, National Footprint Accounts 2018 Edition. For more information visit: www.footprintnetwork.org/atlas",,,,,,,,,,,,,,,,,,,,,,,,,,,,,
Uruguay,2A,0.794,13856.695,Latin America,UM,3.42,1.90880233305965,4.2702714156481,2.32982096349521,0.663636871770471,0.164824519913248,0.145689415063708,9.48304551895039,0.236225377305258,1.35710089104805,0.390149770022207,0.797733295050035,0.0542836635097409,0.145689415063708,2.981182411999,1.90880233305965,4.85339355999902,1.23109895119585,2.18513245369586,0.145689415063708,10.3241167130141,7.3429343010151,1.77235760523987,0.288759076913675
Uzbekistan,3A,0.697,1744.491,Middle East/Central Asia,LM,29.47,0.534805982504485,0.173050122765666,0.000579174007622139,1.209681986282,0.00293245159951795,0.080183451496886,2.00123316865618,0.584944704731103,0.175285557492721,0.0927470000596189,1.23224895766668,0.00529621601761528,0.080183451496886,2.17070588746462,0.534805982504485,0.190739736241837,0.0562762169103198,0.0274490798071058,0.080183451496886,0.889454466960634,-1.28125142050399,1.29051716959753,2.44049129898933
Vanuatu,1B,0.598,2909.775,Asia-Pacific,LM,0.259,,,,,,,6.24957774261903,,,,,,,3.79622600733024,,,,,,2.36157604368747,-1.43464996364277,2.25691323289056,1.60749683139682
"Venezuela, Bolivarian Republic of",3A,0.769,13708.984,Latin America,UM,30.694,0.13297864552277,0.562658535802289,0.0829190016652395,1.81257683977845,0.0677444476228492,0.0349627852224256,2.69384025561403,0.459584486160519,0.766616907939863,0.113567625946732,1.81539589377413,0.0811156685067293,0.0349627852224256,3.27124336755039,0.13297864552277,0.562658535802289,1.71995981483164,0.238049491058878,0.0349627852224256,2.688609272438,-0.58263409511239,1.94480318873905,1.2167046365142
Viet Nam,3A,0.678,1596.346,Asia-Pacific,LM,92.423,0.59484639542715,0.00222233311089261,0.134109374158841,0.629367454923949,0.0711455291814812,0.11235559569962,1.54404668250193,0.589836233234625,0.010110342136156,0.188275042919787,0.786935950871335,0.0465606454519958,0.11235559569962,1.73407381031352,0.59484639542715,0.00922651591087003,0.169623236859674,0.159986657567285,0.11235559569962,1.0460384014646,-0.68803540884892,1.03093285851489,1.65775348962865
"World Footprint does not exactly match the sum of all countries for the following reasons: 
1. The built up land footprint uses different sources for some specific countries 2. The total does not include all countries. ",,,,,,,,,,,,,,,,,,,,,,,,,,,,,
Yemen,3A,0.499,1101.117,Middle East/Central Asia,LM,26.184,0.0608860986746861,0.111150514524042,0.0074237720467307,0.308587383082815,0.0700683346632684,0.0294817488693587,0.587597851860901,0.264564788964206,0.139436055284174,0.0415735992882027,0.493050819802247,0.0398226397160592,0.0294817488693587,1.00792965192425,0.0608860986746861,0.111150514524042,0.0394042999166398,0.188354246534907,0.0294817488693587,0.429276908519633,-0.578652743404617,0.599229277935013,2.34797081305889
Zambia,3A,0.576,1620.823,Africa,LM,15.721,0.226306747433297,0.156644381984326,0.295748983865593,0.0893935260759108,0.00791880306459206,0.0397799608313012,0.81579240325502,0.199359560863228,0.159753856673127,0.303949266145564,0.216313951042924,0.0348022990846232,0.0397799608313012,0.953958894640767,0.226306747433297,0.846422896559702,0.874518693255518,0.0215638473244614,0.0397799608313012,2.00859214540428,1.05463325076351,0.567142854190216,0.474939074527128
Zimbabwe,3A,0.507,939.78,Africa,LI,15.246,0.118703549288779,0.288349007674319,0.257112434275324,0.277302035626357,0.0009889340628358,0.018115058528228,0.960571019455843,0.157530302455308,0.288169510952434,0.266993099019543,0.349361924944151,0.00796290376154711,0.018115058528228,1.08813279966121,0.118703549288779,0.288349007674319,0.106247843811219,0.00942990801576147,0.018115058528228,0.540845367318306,-0.547287432342904,0.646911250793716,2.01191110327253
,,,,,Low Income (LI),881.5880000000003,0.3578415271797206,0.13641893204018743,0.2573842292779815,0.15258222888536957,0.024317675285179023,0.06385202083102863,1.01204672868747,0.37711181236448477,0.13439801904721485,0.2624566549046112,0.22886259231323383,0.028033303313590874,0.06385202083102863,1.1183656105199749,0.3578415271797207,0.2261774065588294,0.3567579198930527,0.07930863121875782,0.06385202083102863,1.1035025037261774,-0.014863106793797468,0.6648851097691488,1.013469028609912
,,,,Africa,,1104.4960000000005,0.35343257691827024,0.15446523122753097,0.2612554431035792,0.3027222992322616,0.0389176016125058,0.047505289228739984,1.276058757582065,0.3885229441372814,0.15076183456827238,0.2660385738557491,0.3774544287486371,0.04988221164913824,0.047505289228739984,1.4509596609543909,0.35343257691827035,0.328685144414067,0.38352502710462194,0.08938607366928367,0.047505289228739984,1.2425806818873872,-0.20837897906700475,0.8626172553676149,1.1676985503673625
,,,,,Lower-Middle Income (LM),2683.832999999999,0.40547690810071035,0.05390050252821916,0.14632609188179274,0.49770214133934254,0.06086034863885827,0.05338468592343287,1.2715003859076015,0.38947179563914514,0.0575340369891953,0.1498246491208861,0.5496873401271082,0.05784866963896901,0.05338468592343287,1.330469008094507,0.4054769081007103,0.09971916310624986,0.20800083525875945,0.08084799547462922,0.05338468592343287,0.869175627610315,-0.4612933804841922,0.7909837571633442,1.5307251674238243
,,,,Latin America,,623.385,0.767771456539657,0.6411687972892551,0.41536184149738836,0.9825205997110849,0.11461147661617002,0.0749015212174178,3.018710229705411,0.5747161578702508,0.5597618813523132,0.3478683978471502,1.07112117496284,0.08053691987525698,0.0749015212174178,2.7360077778612055,0.767771456539657,0.7650389834776771,3.265689587655438,0.29047550331090954,0.0749015212174178,5.1869681577321565,2.450960379870952,1.6265976122662622,0.5274772650729828
,,,,Asia-Pacific,,3958.1000000000004,0.4233311196349513,0.06322714452591079,0.14801635611167308,1.455923121921311,0.08443378868693871,0.08164852240667969,2.2624874771661765,0.4621314791437456,0.06891810641946461,0.17494549481397412,1.4731960185182085,0.08617589422224572,0.08164852240667969,2.352914772779196,0.42333111963495124,0.0868534030799146,0.1724489564004929,0.10243256076392591,0.08164852240667969,0.8714382188996016,-1.481476553879595,1.3988430816013577,2.700036240951552
,,See Note,,,,7253.6910000000025,0.542486633090718,0.14429917882512772,0.2758586812058203,1.590959790673859,0.08660248487090622,0.07548402885662249,2.7391189888410366,0.5413674235561104,0.1556495737270163,0.27242717485669943,1.659559049000262,0.08653032074179992,0.07548402885662249,2.823158524865099,0.542486633090718,0.20783008996943073,0.7120065458062214,0.1751789523249779,0.07548402885662249,1.7236859971992682,-1.0994725276658317,1.6784100369716366,1.6378612632766696
,,,,World,,7265.786,0.550016468138676,0.144437627556401,0.277506020296539,1.7067101165511,0.0927993950574003,0.0639982639965765,2.8354693730773,0.550016468138676,0.144437627556401,0.277506020296539,1.7067101165511,0.0927993950574003,0.0639982639965765,2.8354693730773,0.550016468138676,0.208585165890683,0.708672672968757,0.150770828816555,0.0639982639965765,1.68204339981125,-1.15342597326605,1.68572902066349, 
,,,,,Upper-Middle Income (UM),2569.121,0.5993503904077282,0.21591155762264835,0.2586470042851833,2.2301165260727056,0.10123162402504353,0.09600375242471167,3.5020999701585867,0.6160778108003476,0.22740509988106705,0.26751938282870047,2.2276711573012133,0.0945786519552466,0.09600375242471167,3.5311810945112994,0.5993503904077282,0.2874525896166234,1.1328322425322956,0.18954642633299307,0.09600375242471167,2.3056562270356595,-1.2255248674756407,2.0993400615629474,1.5315297454604822
,,,,EU-28,,504.73799999999994,0.8486484161235552,0.09540245238171828,0.5676986224735504,2.261261393423254,0.09685213509511822,0.11950488668603781,3.99400366572095,0.8887208074180284,0.22848603922805688,0.5320452050293866,2.7660597412551997,0.13805819267185374,0.11950488668603781,4.680470675530859,0.8486484161235552,0.09929297434048513,0.8660343201251997,0.23646419074380412,0.11950488668603781,2.1705024436785747,-2.509968231852284,2.7826099350683067,2.1563996341779657
,,,,Middle East/Central Asia,,422.94800000000004,0.381536520091541,0.10040189154546895,0.04515724628727215,2.2684715672037323,0.04740126941732215,0.05240754686094092,2.8953760414062777,0.5939238272390645,0.15027749279466973,0.1462932522351819,2.216341967191241,0.057131013718026764,0.05240754686094092,3.216375100039124,0.381536520091541,0.1993420427539982,0.157371065788179,0.10785817321728443,0.05240754686094092,0.898515348711944,-2.31785975132718,1.9121831817181711,3.579655155195646
,,,,Other Europe,,233.66400000000002,1.0925823225449733,0.04598928286381306,0.7623263691350106,3.052688234554762,0.29120535321555213,0.05033805755003368,5.295129619864144,0.9244904715423057,0.1260850099258157,0.5529444974803864,2.9225366248250144,0.16795234761298805,0.05033805755003368,4.744347008936542,1.0925823225449733,0.2765094220761622,2.9707562142811024,0.8314116308298455,0.05033805755003368,5.221597647282116,0.47725063834557463,2.8205853722138965,0.908600648578508
,,,,,High Income (HI),1117.1450000000004,0.8874803880161427,0.20323610323966215,0.641595226953636,3.884449463290707,0.16405291001122,0.09069813338144814,5.874406265196218,0.8649883083077501,0.24336855651692582,0.5864433304059344,4.149484133053004,0.18311578082843954,0.09069813338144814,6.1231272781684165,0.8874803880161425,0.27031459656217643,1.2161446938505076,0.4411336754795699,0.09069813338144814,2.9061760976657296,-3.2169511805026874,3.640290897877855,2.106936081088333
,,,,North America,,355.099,1.4757413943876678,0.2794239859893498,1.0575538570231873,5.66369085317774,0.11967672167563533,0.08133169436207707,8.677996072720102,1.0423238168262008,0.3013385751916126,0.8578206857304868,5.914678071663487,0.13539203576289735,0.08133169436207707,8.33406847103461,1.4757413943876678,0.2794239859893498,2.280738477792815,0.6350391538874285,0.08133169436207707,4.7522988083137685,-3.5817696627208417,4.954728559304599,1.7536920145793067
