country,country_code,land_type,national_yield,world_yield,yield_factor
Afghanistan,2,Crop Land,2.63132,6.59427,0.399032
Afghanistan,2,Grazing Land,2.67,6.19,0.431341
Afghanistan,2,Marine Fishing Grounds,0,503.836,0
Afghanistan,2,Inland Fishing Grounds,0,0,1
Afghanistan,2,Forest Land,0.637266,1.81878,0.350381
Afghanistan,2,Infrastructure,0,0,0.399032
Albania,3,Crop Land,8.74409,13.8992,0.629106
Albania,3,Grazing Land,11.26,6.19,1.81906
Albania,3,Marine Fishing Grounds,507,503.836,1.00628
Albania,3,Inland Fishing Grounds,0,0,1
Albania,3,Forest Land,1.16057,1.81878,0.638105
Albania,3,Infrastructure,0,0,0.629106
Algeria,4,Crop Land,5.07037,13.6628,0.371107
Algeria,4,Grazing Land,4.38,6.19,0.707593
Algeria,4,Marine Fishing Grounds,480,503.836,0.95269
Algeria,4,Inland Fishing Grounds,0,0,1
Algeria,4,Forest Land,0.798716,1.81878,0.439149
Algeria,4,Infrastructure,0,0,0.371107
Angola,7,Crop Land,3.92116,8.49069,0.461818
Angola,7,Grazing Land,7.47,6.19,1.20679
Angola,7,Marine Fishing Grounds,1411,503.836,2.80051
Angola,7,Inland Fishing Grounds,0,0,1
Angola,7,Forest Land,0.318633,1.81878,0.17519
Angola,7,Infrastructure,0,0,0.461818
Argentina,9,Crop Land,4.29468,3.48485,1.23239
Argentina,9,Grazing Land,9.24,6.19,1.49273
Argentina,9,Marine Fishing Grounds,1180,503.836,2.34203
Argentina,9,Inland Fishing Grounds,0,0,1
Argentina,9,Forest Land,1.35419,1.81878,0.744559
Argentina,9,Infrastructure,0,0,1.23239
Armenia,1,Crop Land,10.1279,12.1407,0.834215
Armenia,1,Grazing Land,9.06,6.19,1.46365
Armenia,1,Marine Fishing Grounds,0,503.836,0
Armenia,1,Inland Fishing Grounds,0,0,1
Armenia,1,Forest Land,1.19822,1.81878,0.658806
Armenia,1,Infrastructure,0,0,0.834215
Australia,10,Crop Land,3.55833,3.7651,0.945084
Australia,10,Grazing Land,4.79,6.19,0.773829
Australia,10,Marine Fishing Grounds,478.179,503.836,0.949077
Australia,10,Inland Fishing Grounds,0,0,1
Australia,10,Forest Land,0.524645,1.81878,0.288459
Australia,10,Infrastructure,0,0,0.945084
Austria,11,Crop Land,11.1197,9.16438,1.21336
Austria,11,Grazing Land,11.62,6.19,1.87722
Austria,11,Marine Fishing Grounds,0,503.836,0
Austria,11,Inland Fishing Grounds,0,0,1
Austria,11,Forest Land,6.46203,1.81878,3.55294
Austria,11,Infrastructure,0,0,1.21336
Azerbaijan,52,Crop Land,4.49237,7.55869,0.594332
Azerbaijan,52,Grazing Land,9.7,6.19,1.56704
Azerbaijan,52,Marine Fishing Grounds,0,503.836,0
Azerbaijan,52,Inland Fishing Grounds,0,0,1
Azerbaijan,52,Forest Land,1.38462,1.81878,0.761287
Azerbaijan,52,Infrastructure,0,0,0.594332
Bahamas,12,Crop Land,16.3834,26.1712,0.626009
Bahamas,12,Grazing Land,0,6.19,1
Bahamas,12,Marine Fishing Grounds,375,503.836,0.744289
Bahamas,12,Inland Fishing Grounds,0,0,1
Bahamas,12,Forest Land,1.19807,1.81878,0.658723
Bahamas,12,Infrastructure,0,0,0.626009
Bahrain,13,Crop Land,6.83765,6.87602,0.99442
Bahrain,13,Grazing Land,0,6.19,0
Bahrain,13,Marine Fishing Grounds,1098,503.836,2.17928
Bahrain,13,Inland Fishing Grounds,0,0,1
Bahrain,13,Forest Land,2.65693,1.81878,1.46083
Bahrain,13,Infrastructure,0,0,0.99442
Bangladesh,16,Crop Land,5.20596,2.58691,2.01243
Bangladesh,16,Grazing Land,11.75,6.19,1.89822
Bangladesh,16,Marine Fishing Grounds,1709,503.836,3.39198
Bangladesh,16,Inland Fishing Grounds,0,0,1
Bangladesh,16,Forest Land,0.633177,1.81878,0.348132
Bangladesh,16,Infrastructure,0,0,2.01243
Barbados,14,Crop Land,25.9348,43.3812,0.597835
Barbados,14,Grazing Land,0,6.19,1
Barbados,14,Marine Fishing Grounds,419,503.836,0.831619
Barbados,14,Inland Fishing Grounds,0,0,1
Barbados,14,Forest Land,1.19807,1.81878,0.658723
Barbados,14,Infrastructure,0,0,0.597835
Belarus,57,Crop Land,6.51098,7.24831,0.898275
Belarus,57,Grazing Land,12.27,6.19,1.98223
Belarus,57,Marine Fishing Grounds,0,503.836,0
Belarus,57,Inland Fishing Grounds,0,0,1
Belarus,57,Forest Land,2.62663,1.81878,1.44417
Belarus,57,Infrastructure,0,0,0.898275
Belgium,255,Crop Land,26.0947,20.4624,1.27525
Belgium,255,Grazing Land,14.12,6.19,2.2811
Belgium,255,Marine Fishing Grounds,1908,503.836,3.78694
Belgium,255,Inland Fishing Grounds,0,0,1
Belgium,255,Forest Land,6.89398,1.81878,3.79044
Belgium,255,Infrastructure,0,0,1.27525
Belize,23,Crop Land,17.5872,25.8224,0.681084
Belize,23,Grazing Land,20.33,6.19,3.28433
Belize,23,Marine Fishing Grounds,517,503.836,1.02613
Belize,23,Inland Fishing Grounds,0,0,1
Belize,23,Forest Land,0.796583,1.81878,0.437976
Belize,23,Infrastructure,0,0,0.681084
Benin,53,Crop Land,3.50308,5.07109,0.690794
Benin,53,Grazing Land,9.17,6.19,1.48142
Benin,53,Marine Fishing Grounds,740,503.836,1.46873
Benin,53,Inland Fishing Grounds,0,0,1
Benin,53,Forest Land,1.0635,1.81878,0.584734
Benin,53,Infrastructure,0,0,0.690794
Bhutan,18,Crop Land,3.89109,5.04162,0.771794
Bhutan,18,Grazing Land,8.48,6.19,1.36995
Bhutan,18,Marine Fishing Grounds,0,503.836,0
Bhutan,18,Inland Fishing Grounds,0,0,1
Bhutan,18,Forest Land,1.67282,1.81878,0.919749
Bhutan,18,Infrastructure,0,0,0.771794
Bolivia,19,Crop Land,4.39369,7.28666,0.602978
Bolivia,19,Grazing Land,9.46,6.19,1.52827
Bolivia,19,Marine Fishing Grounds,0,503.836,0
Bolivia,19,Inland Fishing Grounds,0,0,1
Bolivia,19,Forest Land,3.66428,1.81878,2.01469
Bolivia,19,Infrastructure,0,0,0.602978
Bosnia and Herzegovina,80,Crop Land,4.43193,15.3159,0.289367
Bosnia and Herzegovina,80,Grazing Land,12.94,6.19,2.09047
Bosnia and Herzegovina,80,Marine Fishing Grounds,390,503.836,0.774061
Bosnia and Herzegovina,80,Inland Fishing Grounds,0,0,1
Bosnia and Herzegovina,80,Forest Land,2.25721,1.81878,1.24105
Bosnia and Herzegovina,80,Infrastructure,0,0,0.289367
Botswana,20,Crop Land,1.01031,9.20498,0.109757
Botswana,20,Grazing Land,2.66,6.19,0.429725
Botswana,20,Marine Fishing Grounds,0,503.836,0
Botswana,20,Inland Fishing Grounds,0,0,1
Botswana,20,Forest Land,0.159317,1.81878,0.0875951
Botswana,20,Infrastructure,0,0,0.109757
Brazil,21,Crop Land,13.3201,11.8007,1.12875
Brazil,21,Grazing Land,13.52,6.19,2.18417
Brazil,21,Marine Fishing Grounds,547.327,503.836,1.08632
Brazil,21,Inland Fishing Grounds,0,0,1
Brazil,21,Forest Land,3.8236,1.81878,2.10228
Brazil,21,Infrastructure,0,0,1.12875
Brunei Darussalam,26,Crop Land,1.73199,6.80862,0.254382
Brunei Darussalam,26,Grazing Land,18.17,6.19,2.93538
Brunei Darussalam,26,Marine Fishing Grounds,792,503.836,1.57194
Brunei Darussalam,26,Inland Fishing Grounds,0,0,1
Brunei Darussalam,26,Forest Land,2.38975,1.81878,1.31393
Brunei Darussalam,26,Infrastructure,0,0,0.254382
Bulgaria,27,Crop Land,4.12059,4.74112,0.869118
Bulgaria,27,Grazing Land,10.61,6.19,1.71405
Bulgaria,27,Marine Fishing Grounds,964,503.836,1.91332
Bulgaria,27,Inland Fishing Grounds,0,0,1
Bulgaria,27,Forest Land,2.82314,1.81878,1.55221
Bulgaria,27,Infrastructure,0,0,0.869118
Burkina Faso,233,Crop Land,1.17721,1.59277,0.739099
Burkina Faso,233,Grazing Land,6.38,6.19,1.03069
Burkina Faso,233,Marine Fishing Grounds,0,503.836,0
Burkina Faso,233,Inland Fishing Grounds,0,0,1
Burkina Faso,233,Forest Land,1.0635,1.81878,0.584734
Burkina Faso,233,Infrastructure,0,0,0.739099
Burundi,29,Crop Land,4.74504,8.05484,0.589092
Burundi,29,Grazing Land,18.4,6.19,2.97254
Burundi,29,Marine Fishing Grounds,0,503.836,0
Burundi,29,Inland Fishing Grounds,0,0,1
Burundi,29,Forest Land,0.486457,1.81878,0.267463
Burundi,29,Infrastructure,0,0,0.589092
Cameroon,32,Crop Land,3.93938,5.60679,0.702608
Cameroon,32,Grazing Land,14.15,6.19,2.28595
Cameroon,32,Marine Fishing Grounds,2158,503.836,4.28314
Cameroon,32,Inland Fishing Grounds,0,0,1
Cameroon,32,Forest Land,1.43385,1.81878,0.788356
Cameroon,32,Infrastructure,0,0,0.702608
Canada,33,Crop Land,3.08768,3.65572,0.844615
Canada,33,Grazing Land,6.77,6.19,1.0937
Canada,33,Marine Fishing Grounds,469,503.836,0.930858
Canada,33,Inland Fishing Grounds,0,0,1
Canada,33,Forest Land,1.28276,1.81878,0.705284
Canada,33,Infrastructure,0,0,0.844615
Central African Republic,37,Crop Land,2.26271,7.93476,0.285165
Central African Republic,37,Grazing Land,10.98,6.19,1.77383
Central African Republic,37,Marine Fishing Grounds,0,503.836,0
Central African Republic,37,Inland Fishing Grounds,0,0,1
Central African Republic,37,Forest Land,1.99146,1.81878,1.09494
Central African Republic,37,Infrastructure,0,0,0.285165
Chad,39,Crop Land,1.08233,2.23968,0.483255
Chad,39,Grazing Land,4.34,6.19,0.701131
Chad,39,Marine Fishing Grounds,0,503.836,0
Chad,39,Inland Fishing Grounds,0,0,1
Chad,39,Forest Land,1.37747,1.81878,0.75736
Chad,39,Infrastructure,0,0,0.483255
Chile,40,Crop Land,11.9942,8.50536,1.41019
Chile,40,Grazing Land,7.57,6.19,1.22294
Chile,40,Marine Fishing Grounds,530.133,503.836,1.05219
Chile,40,Inland Fishing Grounds,0,0,1
Chile,40,Forest Land,3.18633,1.81878,1.7519
Chile,40,Infrastructure,0,0,1.41019
China,351,Crop Land,9.52224,4.37456,2.17673
China,351,Grazing Land,5.03,6.19,0.812601
China,351,Marine Fishing Grounds,639.043,503.836,1.26836
China,351,Inland Fishing Grounds,0,0,1
China,351,Forest Land,2.15077,1.81878,1.18253
China,351,Infrastructure,0,0,2.17673
Colombia,44,Crop Land,15.3954,10.8978,1.41271
Colombia,44,Grazing Land,18.83,6.19,3.042
Colombia,44,Marine Fishing Grounds,623,503.836,1.23651
Colombia,44,Inland Fishing Grounds,0,0,1
Colombia,44,Forest Land,2.38975,1.81878,1.31393
Colombia,44,Infrastructure,0,0,1.41271
Congo,46,Crop Land,7.29627,17.5695,0.41528
Congo,46,Grazing Land,18.15,6.19,2.93215
Congo,46,Marine Fishing Grounds,2667,503.836,5.29339
Congo,46,Inland Fishing Grounds,0,0,1
Congo,46,Forest Land,1.99146,1.81878,1.09494
Congo,46,Infrastructure,0,0,0.41528
"Congo, Democratic Republic of",250,Crop Land,3.82897,8.50711,0.45009
"Congo, Democratic Republic of",250,Grazing Land,15.78,6.19,2.54927
"Congo, Democratic Republic of",250,Marine Fishing Grounds,3601,503.836,7.14716
"Congo, Democratic Republic of",250,Inland Fishing Grounds,0,0,1
"Congo, Democratic Republic of",250,Forest Land,1.51351,1.81878,0.832154
"Congo, Democratic Republic of",250,Infrastructure,0,0,0.45009
Costa Rica,48,Crop Land,22.9728,16.2048,1.41765
Costa Rica,48,Grazing Land,15.48,6.19,2.50081
Costa Rica,48,Marine Fishing Grounds,423,503.836,0.839558
Costa Rica,48,Inland Fishing Grounds,0,0,1
Costa Rica,48,Forest Land,1.59317,1.81878,0.875951
Costa Rica,48,Infrastructure,0,0,1.41765
Côte d'Ivoire,107,Crop Land,2.30106,2.15529,1.06763
Côte d'Ivoire,107,Grazing Land,11.96,6.19,1.93215
Côte d'Ivoire,107,Marine Fishing Grounds,774,503.836,1.53621
Côte d'Ivoire,107,Inland Fishing Grounds,0,0,1
Côte d'Ivoire,107,Forest Land,1.27453,1.81878,0.700761
Côte d'Ivoire,107,Infrastructure,0,0,1.06763
Croatia,98,Crop Land,8.43646,12.9258,0.652686
Croatia,98,Grazing Land,12.25,6.19,1.979
Croatia,98,Marine Fishing Grounds,465,503.836,0.922919
Croatia,98,Inland Fishing Grounds,0,0,1
Croatia,98,Forest Land,3.4919,1.81878,1.91991
Croatia,98,Infrastructure,0,0,0.652686
Cuba,49,Crop Land,16.8044,45.5508,0.368916
Cuba,49,Grazing Land,4.84,6.19,0.781906
Cuba,49,Marine Fishing Grounds,415,503.836,0.82368
Cuba,49,Inland Fishing Grounds,0,0,1
Cuba,49,Forest Land,1.19487,1.81878,0.656963
Cuba,49,Infrastructure,0,0,0.368916
Czech Republic,167,Crop Land,7.8904,6.36152,1.24033
Czech Republic,167,Grazing Land,13.44,6.19,2.17124
Czech Republic,167,Marine Fishing Grounds,0,503.836,0
Czech Republic,167,Inland Fishing Grounds,0,0,1
Czech Republic,167,Forest Land,7.02733,1.81878,3.86375
Czech Republic,167,Infrastructure,0,0,1.24033
Denmark,54,Crop Land,8.89727,6.24226,1.42533
Denmark,54,Grazing Land,4.87,6.19,0.786753
Denmark,54,Marine Fishing Grounds,1404,503.836,2.78662
Denmark,54,Inland Fishing Grounds,0,0,1
Denmark,54,Forest Land,5.33333,1.81878,2.93236
Denmark,54,Infrastructure,0,0,1.42533
Djibouti,72,Crop Land,3.17913,1.0362,3.06807
Djibouti,72,Grazing Land,1.61,6.19,0.260097
Djibouti,72,Marine Fishing Grounds,1566,503.836,3.10815
Djibouti,72,Inland Fishing Grounds,0,0,1
Djibouti,72,Forest Land,0.486457,1.81878,0.267463
Djibouti,72,Infrastructure,0,0,3.06807
Dominican Republic,56,Crop Land,12.3817,13.8817,0.891941
Dominican Republic,56,Grazing Land,13.03,6.19,2.10501
Dominican Republic,56,Marine Fishing Grounds,305,503.836,0.605355
Dominican Republic,56,Inland Fishing Grounds,0,0,1
Dominican Republic,56,Forest Land,1.19487,1.81878,0.656963
Dominican Republic,56,Infrastructure,0,0,0.891941
Ecuador,58,Crop Land,10.4793,11.3205,0.925687
Ecuador,58,Grazing Land,12.82,6.19,2.07108
Ecuador,58,Marine Fishing Grounds,590.593,503.836,1.17219
Ecuador,58,Inland Fishing Grounds,0,0,1
Ecuador,58,Forest Land,2.38975,1.81878,1.31393
Ecuador,58,Infrastructure,0,0,0.925687
El Salvador,60,Crop Land,10.5966,12.4628,0.850259
El Salvador,60,Grazing Land,14.64,6.19,2.3651
El Salvador,60,Marine Fishing Grounds,529,503.836,1.04994
El Salvador,60,Inland Fishing Grounds,0,0,1
El Salvador,60,Forest Land,1.36656,1.81878,0.751358
El Salvador,60,Infrastructure,0,0,0.850259
Equatorial Guinea,61,Crop Land,3.54806,15.7994,0.224569
Equatorial Guinea,61,Grazing Land,14.19,6.19,2.29241
Equatorial Guinea,61,Marine Fishing Grounds,996,503.836,1.97683
Equatorial Guinea,61,Inland Fishing Grounds,0,0,1
Equatorial Guinea,61,Forest Land,1.99146,1.81878,1.09494
Equatorial Guinea,61,Infrastructure,0,0,0.224569
Eritrea,178,Crop Land,0.591906,2.47127,0.239515
Eritrea,178,Grazing Land,2.24,6.19,0.361874
Eritrea,178,Marine Fishing Grounds,1232,503.836,2.44524
Eritrea,178,Inland Fishing Grounds,0,0,1
Eritrea,178,Forest Land,0.486457,1.81878,0.267463
Eritrea,178,Infrastructure,0,0,0.239515
Estonia,63,Crop Land,3.60656,8.61872,0.418456
Estonia,63,Grazing Land,5.31,6.19,0.857835
Estonia,63,Marine Fishing Grounds,2156,503.836,4.27917
Estonia,63,Inland Fishing Grounds,0,0,1
Estonia,63,Forest Land,3.00619,1.81878,1.65286
Estonia,63,Infrastructure,0,0,0.418456
Ethiopia,238,Crop Land,2.76275,2.89502,0.954313
Ethiopia,238,Grazing Land,6.9,6.19,1.1147
Ethiopia,238,Marine Fishing Grounds,0,503.836,0
Ethiopia,238,Inland Fishing Grounds,0,0,1
Ethiopia,238,Forest Land,0.486457,1.81878,0.267463
Ethiopia,238,Infrastructure,0,0,0.954313
Fiji,66,Crop Land,15.1407,36.0968,0.419446
Fiji,66,Grazing Land,0,6.19,1
Fiji,66,Marine Fishing Grounds,264,503.836,0.52398
Fiji,66,Inland Fishing Grounds,0,0,1
Fiji,66,Forest Land,1.59317,1.81878,0.875951
Fiji,66,Infrastructure,0,0,0.419446
Finland,67,Crop Land,4.70033,7.03475,0.66816
Finland,67,Grazing Land,8,6.19,1.29241
Finland,67,Marine Fishing Grounds,2041,503.836,4.05092
Finland,67,Inland Fishing Grounds,0,0,1
Finland,67,Forest Land,2.99226,1.81878,1.6452
Finland,67,Infrastructure,0,0,0.66816
France,68,Crop Land,10.1603,7.13781,1.42345
France,68,Grazing Land,13.01,6.19,2.10178
France,68,Marine Fishing Grounds,425.473,503.836,0.844467
France,68,Inland Fishing Grounds,0,0,1
France,68,Forest Land,5.29007,1.81878,2.90858
France,68,Infrastructure,0,0,1.42345
French Guiana,69,Crop Land,7.956,13.0976,0.607442
French Guiana,69,Grazing Land,18.16,6.19,2.93376
French Guiana,69,Marine Fishing Grounds,1193,503.836,2.36783
French Guiana,69,Inland Fishing Grounds,0,0,1
French Guiana,69,Forest Land,3.98291,1.81878,2.18988
French Guiana,69,Infrastructure,0,0,0.607442
French Polynesia,70,Crop Land,4.75012,5.36358,0.885624
French Polynesia,70,Grazing Land,0,6.19,1
French Polynesia,70,Marine Fishing Grounds,212,503.836,0.420772
French Polynesia,70,Inland Fishing Grounds,0,0,1
French Polynesia,70,Forest Land,1.80544,1.81878,0.992661
French Polynesia,70,Infrastructure,0,0,0.885624
Gabon,74,Crop Land,5.23057,14.9722,0.349352
Gabon,74,Grazing Land,17.2,6.19,2.77868
Gabon,74,Marine Fishing Grounds,1672,503.836,3.31854
Gabon,74,Inland Fishing Grounds,0,0,1
Gabon,74,Forest Land,1.99146,1.81878,1.09494
Gabon,74,Infrastructure,0,0,0.349352
Gambia,75,Crop Land,0.964723,3.37269,0.28604
Gambia,75,Grazing Land,5.97,6.19,0.964459
Gambia,75,Marine Fishing Grounds,1436,503.836,2.85013
Gambia,75,Inland Fishing Grounds,0,0,1
Gambia,75,Forest Land,1.0635,1.81878,0.584734
Gambia,75,Infrastructure,0,0,0.28604
Georgia,73,Crop Land,3.44731,10.0304,0.343685
Georgia,73,Grazing Land,11.11,6.19,1.79483
Georgia,73,Marine Fishing Grounds,1057,503.836,2.0979
Georgia,73,Inland Fishing Grounds,0,0,1
Georgia,73,Forest Land,1.31052,1.81878,0.720548
Georgia,73,Infrastructure,0,0,0.343685
Germany,79,Crop Land,11.952,7.13457,1.67523
Germany,79,Grazing Land,13.81,6.19,2.23102
Germany,79,Marine Fishing Grounds,1464,503.836,2.90571
Germany,79,Inland Fishing Grounds,0,0,1
Germany,79,Forest Land,7.36585,1.81878,4.04988
Germany,79,Infrastructure,0,0,1.67523
Ghana,81,Crop Land,5.83746,5.77566,1.0107
Ghana,81,Grazing Land,10.66,6.19,1.72213
Ghana,81,Marine Fishing Grounds,691,503.836,1.37148
Ghana,81,Inland Fishing Grounds,0,0,1
Ghana,81,Forest Land,1.11522,1.81878,0.613166
Ghana,81,Infrastructure,0,0,1.0107
Greece,84,Crop Land,5.81459,6.75843,0.860346
Greece,84,Grazing Land,6.17,6.19,0.996769
Greece,84,Marine Fishing Grounds,381,503.836,0.756198
Greece,84,Inland Fishing Grounds,0,0,1
Greece,84,Forest Land,0.893067,1.81878,0.491025
Greece,84,Infrastructure,0,0,0.860346
Guadeloupe,87,Crop Land,39.965,47.6882,0.838047
Guadeloupe,87,Grazing Land,0,6.19,1
Guadeloupe,87,Marine Fishing Grounds,304,503.836,0.603371
Guadeloupe,87,Inland Fishing Grounds,0,0,1
Guadeloupe,87,Forest Land,1.19807,1.81878,0.658723
Guadeloupe,87,Infrastructure,0,0,0.838047
Guatemala,89,Crop Land,18.6993,13.0308,1.43501
Guatemala,89,Grazing Land,18.1,6.19,2.92407
Guatemala,89,Marine Fishing Grounds,565,503.836,1.1214
Guatemala,89,Inland Fishing Grounds,0,0,1
Guatemala,89,Forest Land,1.99146,1.81878,1.09494
Guatemala,89,Infrastructure,0,0,1.43501
Guinea,90,Crop Land,2.0538,4.43611,0.462973
Guinea,90,Grazing Land,11.01,6.19,1.77868
Guinea,90,Marine Fishing Grounds,1002,503.836,1.98874
Guinea,90,Inland Fishing Grounds,0,0,1
Guinea,90,Forest Land,1.59317,1.81878,0.875951
Guinea,90,Infrastructure,0,0,0.462973
Guinea-Bissau,175,Crop Land,1.45517,2.15695,0.674644
Guinea-Bissau,175,Grazing Land,7.5,6.19,1.21163
Guinea-Bissau,175,Marine Fishing Grounds,1038,503.836,2.06019
Guinea-Bissau,175,Inland Fishing Grounds,0,0,1
Guinea-Bissau,175,Forest Land,0.398291,1.81878,0.218988
Guinea-Bissau,175,Infrastructure,0,0,0.674644
Guyana,91,Crop Land,12.7588,24.0851,0.529737
Guyana,91,Grazing Land,13.32,6.19,2.15186
Guyana,91,Marine Fishing Grounds,907,503.836,1.80019
Guyana,91,Inland Fishing Grounds,0,0,1
Guyana,91,Forest Land,3.98291,1.81878,2.18988
Guyana,91,Infrastructure,0,0,0.529737
Haiti,93,Crop Land,3.44397,4.68345,0.735348
Haiti,93,Grazing Land,9.2,6.19,1.48627
Haiti,93,Marine Fishing Grounds,312.488,503.836,0.620216
Haiti,93,Inland Fishing Grounds,0,0,1
Haiti,93,Forest Land,1.19807,1.81878,0.658723
Haiti,93,Infrastructure,0,0,0.735348
Hungary,97,Crop Land,5.95081,4.6324,1.28461
Hungary,97,Grazing Land,11.94,6.19,1.92892
Hungary,97,Marine Fishing Grounds,0,503.836,0
Hungary,97,Inland Fishing Grounds,0,0,1
Hungary,97,Forest Land,4.63026,1.81878,2.5458
Hungary,97,Infrastructure,0,0,1.28461
India,100,Crop Land,5.04315,4.76403,1.05859
India,100,Grazing Land,5.57,6.19,0.899838
India,100,Marine Fishing Grounds,838.558,503.836,1.66435
India,100,Inland Fishing Grounds,0,0,1
India,100,Forest Land,0.557608,1.81878,0.306583
India,100,Infrastructure,0,0,1.05859
Indonesia,101,Crop Land,7.92233,7.30428,1.08462
Indonesia,101,Grazing Land,17.33,6.19,2.79968
Indonesia,101,Marine Fishing Grounds,693.604,503.836,1.37665
Indonesia,101,Inland Fishing Grounds,0,0,1
Indonesia,101,Forest Land,1.11522,1.81878,0.613166
Indonesia,101,Infrastructure,0,0,1.08462
"Iran, Islamic Republic of",102,Crop Land,5.43323,8.00315,0.678887
"Iran, Islamic Republic of",102,Grazing Land,2.51,6.19,0.405493
"Iran, Islamic Republic of",102,Marine Fishing Grounds,1349,503.836,2.67746
"Iran, Islamic Republic of",102,Inland Fishing Grounds,0,0,1
"Iran, Islamic Republic of",102,Forest Land,0.633177,1.81878,0.348132
"Iran, Islamic Republic of",102,Infrastructure,0,0,0.678887
Iraq,103,Crop Land,2.86825,4.62506,0.620153
Iraq,103,Grazing Land,2.11,6.19,0.340872
Iraq,103,Marine Fishing Grounds,1720,503.836,3.41381
Iraq,103,Inland Fishing Grounds,0,0,1
Iraq,103,Forest Land,2.65693,1.81878,1.46083
Iraq,103,Infrastructure,0,0,0.620153
Ireland,104,Crop Land,9.78884,9.13546,1.07152
Ireland,104,Grazing Land,11.99,6.19,1.937
Ireland,104,Marine Fishing Grounds,701,503.836,1.39133
Ireland,104,Inland Fishing Grounds,0,0,1
Ireland,104,Forest Land,4.36651,1.81878,2.40079
Ireland,104,Infrastructure,0,0,1.07152
Israel,105,Crop Land,12.8213,10.4567,1.22614
Israel,105,Grazing Land,4.97,6.19,0.802908
Israel,105,Marine Fishing Grounds,386,503.836,0.766122
Israel,105,Inland Fishing Grounds,0,0,1
Israel,105,Forest Land,2.21503,1.81878,1.21786
Israel,105,Infrastructure,0,0,1.22614
Italy,106,Crop Land,8.13209,10.5982,0.76731
Italy,106,Grazing Land,11.81,6.19,1.90792
Italy,106,Marine Fishing Grounds,452,503.836,0.897117
Italy,106,Inland Fishing Grounds,0,0,1
Italy,106,Forest Land,3.05307,1.81878,1.67864
Italy,106,Infrastructure,0,0,0.76731
Jamaica,109,Crop Land,19.4859,24.0582,0.809947
Jamaica,109,Grazing Land,0,6.19,0
Jamaica,109,Marine Fishing Grounds,319,503.836,0.633142
Jamaica,109,Inland Fishing Grounds,0,0,1
Jamaica,109,Forest Land,1.19807,1.81878,0.658723
Jamaica,109,Infrastructure,0,0,0.809947
Japan,110,Crop Land,11.497,9.67008,1.18893
Japan,110,Grazing Land,13.35,6.19,2.1567
Japan,110,Marine Fishing Grounds,395.499,503.836,0.784976
Japan,110,Inland Fishing Grounds,0,0,1
Japan,110,Forest Land,2.49523,1.81878,1.37192
Japan,110,Infrastructure,0,0,1.18893
Jordan,112,Crop Land,12.3879,14.8241,0.83566
Jordan,112,Grazing Land,2.27,6.19,0.366721
Jordan,112,Marine Fishing Grounds,361,503.836,0.716503
Jordan,112,Inland Fishing Grounds,0,0,1
Jordan,112,Forest Land,2.65693,1.81878,1.46083
Jordan,112,Infrastructure,0,0,0.83566
Kazakhstan,108,Crop Land,1.63143,5.36002,0.30437
Kazakhstan,108,Grazing Land,2.29,6.19,0.369952
Kazakhstan,108,Marine Fishing Grounds,0,503.836,0
Kazakhstan,108,Inland Fishing Grounds,0,0,1
Kazakhstan,108,Forest Land,1.66436,1.81878,0.915094
Kazakhstan,108,Infrastructure,0,0,0.30437
Kenya,114,Crop Land,3.72812,5.87678,0.634381
Kenya,114,Grazing Land,6.54,6.19,1.05654
Kenya,114,Marine Fishing Grounds,611,503.836,1.2127
Kenya,114,Inland Fishing Grounds,0,0,1
Kenya,114,Forest Land,0.238975,1.81878,0.131393
Kenya,114,Infrastructure,0,0,0.634381
"Korea, Democratic People's Republic of",116,Crop Land,4.87257,5.25809,0.926679
"Korea, Democratic People's Republic of",116,Grazing Land,10.05,6.19,1.62359
"Korea, Democratic People's Republic of",116,Marine Fishing Grounds,927,503.836,1.83988
"Korea, Democratic People's Republic of",116,Inland Fishing Grounds,0,0,1
"Korea, Democratic People's Republic of",116,Forest Land,1.35419,1.81878,0.744559
"Korea, Democratic People's Republic of",116,Infrastructure,0,0,0.926679
"Korea, Republic of",117,Crop Land,13.3942,8.30172,1.61342
"Korea, Republic of",117,Grazing Land,10.5,6.19,1.69628
"Korea, Republic of",117,Marine Fishing Grounds,923,503.836,1.83194
"Korea, Republic of",117,Inland Fishing Grounds,0,0,1
"Korea, Republic of",117,Forest Land,1.03556,1.81878,0.569368
"Korea, Republic of",117,Infrastructure,0,0,1.61342
Kuwait,118,Crop Land,43.4739,13.5546,3.20731
Kuwait,118,Grazing Land,2.28,6.19,0.368336
Kuwait,118,Marine Fishing Grounds,1564,503.836,3.10418
Kuwait,118,Inland Fishing Grounds,0,0,1
Kuwait,118,Forest Land,2.65693,1.81878,1.46083
Kuwait,118,Infrastructure,0,0,3.20731
Kyrgyzstan,113,Crop Land,4.79188,8.19131,0.584996
Kyrgyzstan,113,Grazing Land,5.1,6.19,0.82391
Kyrgyzstan,113,Marine Fishing Grounds,0,503.836,0
Kyrgyzstan,113,Inland Fishing Grounds,0,0,1
Kyrgyzstan,113,Forest Land,0.725674,1.81878,0.398989
Kyrgyzstan,113,Infrastructure,0,0,0.584996
Lao People's Democratic Republic,120,Crop Land,6.94188,5.94667,1.16736
Lao People's Democratic Republic,120,Grazing Land,16.72,6.19,2.70113
Lao People's Democratic Republic,120,Marine Fishing Grounds,0,503.836,0
Lao People's Democratic Republic,120,Inland Fishing Grounds,0,0,1
Lao People's Democratic Republic,120,Forest Land,0.398291,1.81878,0.218988
Lao People's Democratic Republic,120,Infrastructure,0,0,1.16736
Latvia,119,Crop Land,4.01856,7.07236,0.568207
Latvia,119,Grazing Land,9.86,6.19,1.59289
Latvia,119,Marine Fishing Grounds,1941,503.836,3.85244
Latvia,119,Inland Fishing Grounds,0,0,1
Latvia,119,Forest Land,3.56628,1.81878,1.96081
Latvia,119,Infrastructure,0,0,0.568207
Lebanon,121,Crop Land,10.2723,7.6339,1.34562
Lebanon,121,Grazing Land,7.13,6.19,1.15186
Lebanon,121,Marine Fishing Grounds,350,503.836,0.69467
Lebanon,121,Inland Fishing Grounds,0,0,1
Lebanon,121,Forest Land,2.65693,1.81878,1.46083
Lebanon,121,Infrastructure,0,0,1.34562
Lesotho,122,Crop Land,1.41248,9.43204,0.149754
Lesotho,122,Grazing Land,10.34,6.19,1.67044
Lesotho,122,Marine Fishing Grounds,0,503.836,0
Lesotho,122,Inland Fishing Grounds,0,0,1
Lesotho,122,Forest Land,0.159743,1.81878,0.0878297
Lesotho,122,Infrastructure,0,0,0.149754
Liberia,123,Crop Land,3.12375,8.22155,0.379946
Liberia,123,Grazing Land,17.51,6.19,2.82876
Liberia,123,Marine Fishing Grounds,613,503.836,1.21667
Liberia,123,Inland Fishing Grounds,0,0,1
Liberia,123,Forest Land,1.99146,1.81878,1.09494
Liberia,123,Infrastructure,0,0,0.379946
Libyan Arab Jamahiriya,124,Crop Land,2.21954,10.7399,0.206663
Libyan Arab Jamahiriya,124,Grazing Land,1.44,6.19,0.232633
Libyan Arab Jamahiriya,124,Marine Fishing Grounds,334,503.836,0.662914
Libyan Arab Jamahiriya,124,Inland Fishing Grounds,0,0,1
Libyan Arab Jamahiriya,124,Forest Land,0.798716,1.81878,0.439149
Libyan Arab Jamahiriya,124,Infrastructure,0,0,0.206663
Lithuania,126,Crop Land,4.53303,7.48885,0.605304
Lithuania,126,Grazing Land,12.21,6.19,1.97254
Lithuania,126,Marine Fishing Grounds,2006,503.836,3.98145
Lithuania,126,Inland Fishing Grounds,0,0,1
Lithuania,126,Forest Land,4.1164,1.81878,2.26327
Lithuania,126,Infrastructure,0,0,0.605304
Luxembourg,256,Crop Land,6.44322,8.30881,0.775469
Luxembourg,256,Grazing Land,14.73,6.19,2.37964
Luxembourg,256,Marine Fishing Grounds,0,503.836,0
Luxembourg,256,Inland Fishing Grounds,0,0,1
Luxembourg,256,Forest Land,6.91988,1.81878,3.80468
Luxembourg,256,Infrastructure,0,0,0.775469
Macedonia TFYR,154,Crop Land,6.40759,11.262,0.568958
Macedonia TFYR,154,Grazing Land,10.02,6.19,1.61874
Macedonia TFYR,154,Marine Fishing Grounds,0,503.836,0
Macedonia TFYR,154,Inland Fishing Grounds,0,0,1
Macedonia TFYR,154,Forest Land,2.10619,1.81878,1.15802
Macedonia TFYR,154,Infrastructure,0,0,0.568958
Madagascar,129,Crop Land,5.1354,9.44346,0.543805
Madagascar,129,Grazing Land,10.62,6.19,1.71567
Madagascar,129,Marine Fishing Grounds,504,503.836,1.00032
Madagascar,129,Inland Fishing Grounds,0,0,1
Madagascar,129,Forest Land,1.99146,1.81878,1.09494
Madagascar,129,Infrastructure,0,0,0.543805
Malawi,130,Crop Land,4.05281,5.2518,0.771699
Malawi,130,Grazing Land,8.8,6.19,1.42165
Malawi,130,Marine Fishing Grounds,0,503.836,0
Malawi,130,Inland Fishing Grounds,0,0,1
Malawi,130,Forest Land,0.159317,1.81878,0.0875951
Malawi,130,Infrastructure,0,0,0.771699
Malaysia,131,Crop Land,14.8149,12.4209,1.19274
Malaysia,131,Grazing Land,19.38,6.19,3.13086
Malaysia,131,Marine Fishing Grounds,876.527,503.836,1.73971
Malaysia,131,Inland Fishing Grounds,0,0,1
Malaysia,131,Forest Land,1.35419,1.81878,0.744559
Malaysia,131,Infrastructure,0,0,1.19274
Mali,133,Crop Land,1.8187,2.9667,0.613039
Mali,133,Grazing Land,4.12,6.19,0.66559
Mali,133,Marine Fishing Grounds,0,503.836,0
Mali,133,Inland Fishing Grounds,0,0,1
Mali,133,Forest Land,1.0635,1.81878,0.584734
Mali,133,Infrastructure,0,0,0.613039
Malta,134,Crop Land,9.39382,10.8651,0.864585
Malta,134,Grazing Land,0,6.19,1
Malta,134,Marine Fishing Grounds,361,503.836,0.716503
Malta,134,Inland Fishing Grounds,0,0,1
Malta,134,Forest Land,2.10619,1.81878,1.15802
Malta,134,Infrastructure,0,0,0.864585
Mauritania,136,Crop Land,1.27721,3.13618,0.407251
Mauritania,136,Grazing Land,3.85,6.19,0.621971
Mauritania,136,Marine Fishing Grounds,2549,503.836,5.05918
Mauritania,136,Inland Fishing Grounds,0,0,1
Mauritania,136,Forest Land,1.0635,1.81878,0.584734
Mauritania,136,Infrastructure,0,0,0.407251
Mexico,138,Crop Land,7.90765,11.9612,0.66111
Mexico,138,Grazing Land,4.91,6.19,0.793215
Mexico,138,Marine Fishing Grounds,550,503.836,1.09162
Mexico,138,Inland Fishing Grounds,0,0,1
Mexico,138,Forest Land,1.19487,1.81878,0.656963
Mexico,138,Infrastructure,0,0,0.66111
Moldova,146,Crop Land,4.09832,5.63398,0.727429
Moldova,146,Grazing Land,9.54,6.19,1.5412
Moldova,146,Marine Fishing Grounds,0,503.836,0
Moldova,146,Inland Fishing Grounds,0,0,1
Moldova,146,Forest Land,1.22105,1.81878,0.671355
Moldova,146,Infrastructure,0,0,0.727429
Mongolia,141,Crop Land,2.32281,5.39501,0.430548
Mongolia,141,Grazing Land,2.79,6.19,0.450727
Mongolia,141,Marine Fishing Grounds,0,503.836,0
Mongolia,141,Inland Fishing Grounds,0,0,1
Mongolia,141,Forest Land,2.14321,1.81878,1.17838
Mongolia,141,Infrastructure,0,0,0.430548
Montenegro,273,Crop Land,8.80026,26.5367,0.331627
Montenegro,273,Grazing Land,11.65,6.19,1.88207
Montenegro,273,Marine Fishing Grounds,538,503.836,1.06781
Montenegro,273,Inland Fishing Grounds,0,0,1
Montenegro,273,Forest Land,2.10619,1.81878,1.15802
Montenegro,273,Infrastructure,0,0,0.331627
Morocco,143,Crop Land,3.43918,6.14289,0.559863
Morocco,143,Grazing Land,3.61,6.19,0.583199
Morocco,143,Marine Fishing Grounds,641,503.836,1.27224
Morocco,143,Inland Fishing Grounds,0,0,1
Morocco,143,Forest Land,0.796583,1.81878,0.437976
Morocco,143,Infrastructure,0,0,0.559863
Mozambique,144,Crop Land,2.96961,6.70065,0.443183
Mozambique,144,Grazing Land,7.49,6.19,1.21002
Mozambique,144,Marine Fishing Grounds,647,503.836,1.28415
Mozambique,144,Inland Fishing Grounds,0,0,1
Mozambique,144,Forest Land,0.557608,1.81878,0.306583
Mozambique,144,Infrastructure,0,0,0.443183
Myanmar,28,Crop Land,3.46263,2.13752,1.61993
Myanmar,28,Grazing Land,11.29,6.19,1.82391
Myanmar,28,Marine Fishing Grounds,940,503.836,1.86569
Myanmar,28,Inland Fishing Grounds,0,0,1
Myanmar,28,Forest Land,1.35419,1.81878,0.744559
Myanmar,28,Infrastructure,0,0,1.61993
Namibia,147,Crop Land,1.09757,6.77554,0.161991
Namibia,147,Grazing Land,1.3,6.19,0.210016
Namibia,147,Marine Fishing Grounds,1581,503.836,3.13792
Namibia,147,Inland Fishing Grounds,0,0,1
Namibia,147,Forest Land,0.159743,1.81878,0.0878297
Namibia,147,Infrastructure,0,0,0.161991
Nepal,149,Crop Land,4.33713,2.32706,1.86378
Nepal,149,Grazing Land,9.97,6.19,1.61066
Nepal,149,Marine Fishing Grounds,0,503.836,0
Nepal,149,Inland Fishing Grounds,0,0,1
Nepal,149,Forest Land,0.637266,1.81878,0.350381
Nepal,149,Infrastructure,0,0,1.86378
Netherlands,150,Crop Land,39.7279,34.839,1.14033
Netherlands,150,Grazing Land,9.1,6.19,1.47011
Netherlands,150,Marine Fishing Grounds,1551,503.836,3.07838
Netherlands,150,Inland Fishing Grounds,0,0,1
Netherlands,150,Forest Land,5.74027,1.81878,3.15611
Netherlands,150,Infrastructure,0,0,1.14033
Nicaragua,157,Crop Land,8.92764,18.4854,0.482955
Nicaragua,157,Grazing Land,14.62,6.19,2.36187
Nicaragua,157,Marine Fishing Grounds,516,503.836,1.02414
Nicaragua,157,Inland Fishing Grounds,0,0,1
Nicaragua,157,Forest Land,1.99146,1.81878,1.09494
Nicaragua,157,Infrastructure,0,0,0.482955
Niger,158,Crop Land,0.604878,1.4592,0.414528
Niger,158,Grazing Land,4.19,6.19,0.676898
Niger,158,Marine Fishing Grounds,0,503.836,0
Niger,158,Inland Fishing Grounds,0,0,1
Niger,158,Forest Land,1.0635,1.81878,0.584734
Niger,158,Infrastructure,0,0,0.414528
Nigeria,159,Crop Land,3.50832,3.98766,0.879795
Nigeria,159,Grazing Land,9.01,6.19,1.45557
Nigeria,159,Marine Fishing Grounds,927,503.836,1.83988
Nigeria,159,Inland Fishing Grounds,0,0,1
Nigeria,159,Forest Land,0.47795,1.81878,0.262785
Nigeria,159,Infrastructure,0,0,0.879795
Norway,162,Crop Land,5.83948,15.4057,0.379047
Norway,162,Grazing Land,8.85,6.19,1.42973
Norway,162,Marine Fishing Grounds,456.707,503.836,0.906459
Norway,162,Inland Fishing Grounds,0,0,1
Norway,162,Forest Land,2.21463,1.81878,1.21765
Norway,162,Infrastructure,0,0,0.379047
Oman,221,Crop Land,11.508,6.72747,1.7106
Oman,221,Grazing Land,1.39,6.19,0.224556
Oman,221,Marine Fishing Grounds,1362,503.836,2.70326
Oman,221,Inland Fishing Grounds,0,0,1
Oman,221,Forest Land,2.65693,1.81878,1.46083
Oman,221,Infrastructure,0,0,1.7106
Pakistan,165,Crop Land,5.7647,7.98642,0.721813
Pakistan,165,Grazing Land,1.9,6.19,0.306947
Pakistan,165,Marine Fishing Grounds,1601,503.836,3.17762
Pakistan,165,Inland Fishing Grounds,0,0,1
Pakistan,165,Forest Land,1.51351,1.81878,0.832154
Pakistan,165,Infrastructure,0,0,0.721813
Panama,166,Crop Land,13.4377,42.7909,0.314033
Panama,166,Grazing Land,14.57,6.19,2.3538
Panama,166,Marine Fishing Grounds,638,503.836,1.26628
Panama,166,Inland Fishing Grounds,0,0,1
Panama,166,Forest Land,1.99146,1.81878,1.09494
Panama,166,Infrastructure,0,0,0.314033
Papua New Guinea,168,Crop Land,7.81395,6.53135,1.19638
Papua New Guinea,168,Grazing Land,19.26,6.19,3.11147
Papua New Guinea,168,Marine Fishing Grounds,376,503.836,0.746274
Papua New Guinea,168,Inland Fishing Grounds,0,0,1
Papua New Guinea,168,Forest Land,0.796583,1.81878,0.437976
Papua New Guinea,168,Infrastructure,0,0,1.19638
Paraguay,169,Crop Land,4.48071,3.41569,1.3118
Paraguay,169,Grazing Land,12.25,6.19,1.979
Paraguay,169,Marine Fishing Grounds,0,503.836,0
Paraguay,169,Inland Fishing Grounds,0,0,1
Paraguay,169,Forest Land,3.18633,1.81878,1.7519
Paraguay,169,Infrastructure,0,0,1.3118
Peru,170,Crop Land,10.2072,14.2773,0.714925
Peru,170,Grazing Land,11.22,6.19,1.8126
Peru,170,Marine Fishing Grounds,1029,503.836,2.04233
Peru,170,Inland Fishing Grounds,0,0,1
Peru,170,Forest Land,1.59317,1.81878,0.875951
Peru,170,Infrastructure,0,0,0.714925
Philippines,171,Crop Land,6.40572,5.16037,1.24133
Philippines,171,Grazing Land,13.38,6.19,2.16155
Philippines,171,Marine Fishing Grounds,355,503.836,0.704594
Philippines,171,Inland Fishing Grounds,0,0,1
Philippines,171,Forest Land,1.67282,1.81878,0.919749
Philippines,171,Infrastructure,0,0,1.24133
Poland,173,Crop Land,6.85849,6.34285,1.08129
Poland,173,Grazing Land,13.05,6.19,2.10824
Poland,173,Marine Fishing Grounds,1744,503.836,3.46144
Poland,173,Inland Fishing Grounds,0,0,1
Poland,173,Forest Land,4.15676,1.81878,2.28546
Poland,173,Infrastructure,0,0,1.08129
Portugal,174,Crop Land,5.84774,18.4783,0.316465
Portugal,174,Grazing Land,11.89,6.19,1.92084
Portugal,174,Marine Fishing Grounds,400.015,503.836,0.793939
Portugal,174,Inland Fishing Grounds,0,0,1
Portugal,174,Forest Land,3.7353,1.81878,2.05373
Portugal,174,Infrastructure,0,0,0.316465
Qatar,179,Crop Land,14.4898,29.5203,0.490842
Qatar,179,Grazing Land,0.05,6.19,0.00807754
Qatar,179,Marine Fishing Grounds,1101,503.836,2.18523
Qatar,179,Inland Fishing Grounds,0,0,1
Qatar,179,Forest Land,2.65693,1.81878,1.46083
Qatar,179,Infrastructure,0,0,0.490842
Romania,183,Crop Land,4.66639,5.22083,0.893803
Romania,183,Grazing Land,11.01,6.19,1.77868
Romania,183,Marine Fishing Grounds,1369,503.836,2.71715
Romania,183,Inland Fishing Grounds,0,0,1
Romania,183,Forest Land,4.41374,1.81878,2.42675
Romania,183,Infrastructure,0,0,0.893803
Russian Federation,185,Crop Land,3.48028,7.88267,0.441511
Russian Federation,185,Grazing Land,7.19,6.19,1.16155
Russian Federation,185,Marine Fishing Grounds,483.866,503.836,0.960363
Russian Federation,185,Inland Fishing Grounds,0,0,1
Russian Federation,185,Forest Land,1.07804,1.81878,0.592725
Russian Federation,185,Infrastructure,0,0,0.441511
Rwanda,184,Crop Land,5.4949,4.86657,1.12911
Rwanda,184,Grazing Land,19.47,6.19,3.1454
Rwanda,184,Marine Fishing Grounds,0,503.836,0
Rwanda,184,Inland Fishing Grounds,0,0,1
Rwanda,184,Forest Land,0.486457,1.81878,0.267463
Rwanda,184,Infrastructure,0,0,1.12911
Saint Lucia,189,Crop Land,5.38717,9.00134,0.598485
Saint Lucia,189,Grazing Land,0,6.19,1
Saint Lucia,189,Marine Fishing Grounds,430,503.836,0.853452
Saint Lucia,189,Inland Fishing Grounds,0,0,1
Saint Lucia,189,Forest Land,1.19807,1.81878,0.658723
Saint Lucia,189,Infrastructure,0,0,0.598485
Saudi Arabia,194,Crop Land,8.21527,44.8092,0.183339
Saudi Arabia,194,Grazing Land,0.27,6.19,0.0436187
Saudi Arabia,194,Marine Fishing Grounds,785.709,503.836,1.55945
Saudi Arabia,194,Inland Fishing Grounds,0,0,1
Saudi Arabia,194,Forest Land,2.65693,1.81878,1.46083
Saudi Arabia,194,Infrastructure,0,0,0.183339
Senegal,195,Crop Land,1.80151,5.02336,0.358627
Senegal,195,Grazing Land,5.86,6.19,0.946688
Senegal,195,Marine Fishing Grounds,1396,503.836,2.77074
Senegal,195,Inland Fishing Grounds,0,0,1
Senegal,195,Forest Land,1.0635,1.81878,0.584734
Senegal,195,Infrastructure,0,0,0.358627
Serbia,272,Crop Land,7.13928,7.96074,0.896812
Serbia,272,Grazing Land,0,6.19,1
Serbia,272,Marine Fishing Grounds,0,503.836,0
Serbia,272,Inland Fishing Grounds,0,0,1
Serbia,272,Forest Land,2.10619,1.81878,1.15802
Serbia,272,Infrastructure,0,0,0.896812
Sierra Leone,197,Crop Land,4.02219,6.17545,0.65132
Sierra Leone,197,Grazing Land,13.13,6.19,2.12116
Sierra Leone,197,Marine Fishing Grounds,686,503.836,1.36155
Sierra Leone,197,Inland Fishing Grounds,0,0,1
Sierra Leone,197,Forest Land,0.557608,1.81878,0.306583
Sierra Leone,197,Infrastructure,0,0,0.65132
Singapore,200,Crop Land,18.4708,6.33017,2.91789
Singapore,200,Grazing Land,20.32,6.19,3.28271
Singapore,200,Marine Fishing Grounds,1785,503.836,3.54282
Singapore,200,Inland Fishing Grounds,0,0,1
Singapore,200,Forest Land,1.13548,1.81878,0.624306
Singapore,200,Infrastructure,0,0,2.91789
Slovakia,199,Crop Land,6.84775,6.86643,0.997281
Slovakia,199,Grazing Land,12.83,6.19,2.0727
Slovakia,199,Marine Fishing Grounds,0,503.836,0
Slovakia,199,Inland Fishing Grounds,0,0,1
Slovakia,199,Forest Land,6.45359,1.81878,3.5483
Slovakia,199,Infrastructure,0,0,0.997281
Slovenia,198,Crop Land,7.85496,22.0147,0.356805
Slovenia,198,Grazing Land,11.71,6.19,1.89176
Slovenia,198,Marine Fishing Grounds,510,503.836,1.01223
Slovenia,198,Inland Fishing Grounds,0,0,1
Slovenia,198,Forest Land,4.56773,1.81878,2.51142
Slovenia,198,Infrastructure,0,0,0.356805
Somalia,201,Crop Land,1.40191,7.18078,0.195231
Somalia,201,Grazing Land,1.83,6.19,0.295638
Somalia,201,Marine Fishing Grounds,882,503.836,1.75057
Somalia,201,Inland Fishing Grounds,0,0,1
Somalia,201,Forest Land,0.486457,1.81878,0.267463
Somalia,201,Infrastructure,0,0,0.195231
South Africa,202,Crop Land,8.67045,17.801,0.487077
South Africa,202,Grazing Land,4.91,6.19,0.793215
South Africa,202,Marine Fishing Grounds,748.403,503.836,1.48541
South Africa,202,Inland Fishing Grounds,0,0,1
South Africa,202,Forest Land,0.159743,1.81878,0.0878297
South Africa,202,Infrastructure,0,0,0.487077
South Sudan,277,Crop Land,1.29739,2.88418,0.44983
South Sudan,277,Grazing Land,,6.19,1
South Sudan,277,Marine Fishing Grounds,0,503.836,1
South Sudan,277,Inland Fishing Grounds,0,0,1
South Sudan,277,Forest Land,0.798716,1.81878,0.439149
South Sudan,277,Infrastructure,0,0,0.44983
Spain,203,Crop Land,5.09386,7.55147,0.674552
Spain,203,Grazing Land,7.51,6.19,1.21325
Spain,203,Marine Fishing Grounds,499.318,503.836,0.991031
Spain,203,Inland Fishing Grounds,0,0,1
Spain,203,Forest Land,1.5197,1.81878,0.835556
Spain,203,Infrastructure,0,0,0.674552
Sri Lanka,38,Crop Land,4.73331,4.58733,1.03182
Sri Lanka,38,Grazing Land,12.85,6.19,2.07593
Sri Lanka,38,Marine Fishing Grounds,607,503.836,1.20476
Sri Lanka,38,Inland Fishing Grounds,0,0,1
Sri Lanka,38,Forest Land,0.633177,1.81878,0.348132
Sri Lanka,38,Infrastructure,0,0,1.03182
Sudan,276,Crop Land,1.32723,3.65989,0.362643
Sudan,276,Grazing Land,3.87,6.19,0.625202
Sudan,276,Marine Fishing Grounds,743,503.836,1.47469
Sudan,276,Inland Fishing Grounds,0,0,1
Sudan,276,Forest Land,0.798716,1.81878,0.439149
Sudan,276,Infrastructure,0,0,0.362643
Suriname,207,Crop Land,7.73207,6.35489,1.21671
Suriname,207,Grazing Land,12.2,6.19,1.97092
Suriname,207,Marine Fishing Grounds,911,503.836,1.80813
Suriname,207,Inland Fishing Grounds,0,0,1
Suriname,207,Forest Land,3.98291,1.81878,2.18988
Suriname,207,Infrastructure,0,0,1.21671
Swaziland,209,Crop Land,30.1277,42.7697,0.704417
Swaziland,209,Grazing Land,8.33,6.19,1.34572
Swaziland,209,Marine Fishing Grounds,0,503.836,0
Swaziland,209,Inland Fishing Grounds,0,0,1
Swaziland,209,Forest Land,0.159743,1.81878,0.0878297
Swaziland,209,Infrastructure,0,0,0.704417
Sweden,210,Crop Land,7.62509,9.53796,0.799447
Sweden,210,Grazing Land,10.02,6.19,1.61874
Sweden,210,Marine Fishing Grounds,1799,503.836,3.5706
Sweden,210,Inland Fishing Grounds,0,0,1
Sweden,210,Forest Land,3.00357,1.81878,1.65142
Sweden,210,Infrastructure,0,0,0.799447
Switzerland,211,Crop Land,17.8839,23.8758,0.749037
Switzerland,211,Grazing Land,13.69,6.19,2.21163
Switzerland,211,Marine Fishing Grounds,0,503.836,0
Switzerland,211,Inland Fishing Grounds,0,0,1
Switzerland,211,Forest Land,6.46994,1.81878,3.55729
Switzerland,211,Infrastructure,0,0,0.749037
Syrian Arab Republic,212,Crop Land,2.0648,5.17941,0.398655
Syrian Arab Republic,212,Grazing Land,3.61,6.19,0.583199
Syrian Arab Republic,212,Marine Fishing Grounds,366,503.836,0.726426
Syrian Arab Republic,212,Inland Fishing Grounds,0,0,1
Syrian Arab Republic,212,Forest Land,2.65693,1.81878,1.46083
Syrian Arab Republic,212,Infrastructure,0,0,0.398655
Tajikistan,208,Crop Land,6.3604,5.68403,1.11899
Tajikistan,208,Grazing Land,3.91,6.19,0.631664
Tajikistan,208,Marine Fishing Grounds,0,503.836,0
Tajikistan,208,Inland Fishing Grounds,0,0,1
Tajikistan,208,Forest Land,0.18,1.81878,0.0989673
Tajikistan,208,Infrastructure,0,0,1.11899
"Tanzania, United Republic of",215,Crop Land,2.26672,2.73185,0.82974
"Tanzania, United Republic of",215,Grazing Land,9.15,6.19,1.47819
"Tanzania, United Republic of",215,Marine Fishing Grounds,547,503.836,1.08567
"Tanzania, United Republic of",215,Inland Fishing Grounds,0,0,1
"Tanzania, United Republic of",215,Forest Land,0.238975,1.81878,0.131393
"Tanzania, United Republic of",215,Infrastructure,0,0,0.82974
Thailand,216,Crop Land,9.97625,9.85241,1.01257
Thailand,216,Grazing Land,12.16,6.19,1.96446
Thailand,216,Marine Fishing Grounds,769,503.836,1.52629
Thailand,216,Inland Fishing Grounds,0,0,1
Thailand,216,Forest Land,1.13548,1.81878,0.624306
Thailand,216,Infrastructure,0,0,1.01257
Timor-Leste,176,Crop Land,1.86225,4.90214,0.379885
Timor-Leste,176,Grazing Land,0,6.19,1
Timor-Leste,176,Marine Fishing Grounds,606,503.836,1.20277
Timor-Leste,176,Inland Fishing Grounds,0,0,1
Timor-Leste,176,Forest Land,1.13521,1.81878,0.624159
Timor-Leste,176,Infrastructure,0,0,0.379885
Togo,217,Crop Land,1.77791,4.91514,0.36172
Togo,217,Grazing Land,10.81,6.19,1.74637
Togo,217,Marine Fishing Grounds,729,503.836,1.4469
Togo,217,Inland Fishing Grounds,0,0,1
Togo,217,Forest Land,1.0635,1.81878,0.584734
Togo,217,Infrastructure,0,0,0.36172
Trinidad and Tobago,220,Crop Land,3.96414,7.23338,0.548035
Trinidad and Tobago,220,Grazing Land,15.96,6.19,2.57835
Trinidad and Tobago,220,Marine Fishing Grounds,1195,503.836,2.3718
Trinidad and Tobago,220,Inland Fishing Grounds,0,0,1
Trinidad and Tobago,220,Forest Land,1.19807,1.81878,0.658723
Trinidad and Tobago,220,Infrastructure,0,0,0.548035
Tunisia,222,Crop Land,2.24074,6.68489,0.335195
Tunisia,222,Grazing Land,2.49,6.19,0.402262
Tunisia,222,Marine Fishing Grounds,472,503.836,0.936812
Tunisia,222,Inland Fishing Grounds,0,0,1
Tunisia,222,Forest Land,0.798716,1.81878,0.439149
Tunisia,222,Infrastructure,0,0,0.335195
Turkey,223,Crop Land,5.88645,7.97448,0.73816
Turkey,223,Grazing Land,8.2,6.19,1.32472
Turkey,223,Marine Fishing Grounds,811.801,503.836,1.61124
Turkey,223,Inland Fishing Grounds,0,0,1
Turkey,223,Forest Land,2.96861,1.81878,1.6322
Turkey,223,Infrastructure,0,0,0.73816
Turkmenistan,213,Crop Land,2.18848,4.42247,0.494854
Turkmenistan,213,Grazing Land,4.35,6.19,0.702746
Turkmenistan,213,Marine Fishing Grounds,0,503.836,0
Turkmenistan,213,Inland Fishing Grounds,0,0,1
Turkmenistan,213,Forest Land,0.0266053,1.81878,0.0146281
Turkmenistan,213,Infrastructure,0,0,0.494854
Uganda,226,Crop Land,3.02126,5.73497,0.526814
Uganda,226,Grazing Land,14.05,6.19,2.26979
Uganda,226,Marine Fishing Grounds,0,503.836,0
Uganda,226,Inland Fishing Grounds,0,0,1
Uganda,226,Forest Land,0.238975,1.81878,0.131393
Uganda,226,Infrastructure,0,0,0.526814
Ukraine,230,Crop Land,5.30167,5.17482,1.02451
Ukraine,230,Grazing Land,9.85,6.19,1.59128
Ukraine,230,Marine Fishing Grounds,1046,503.836,2.07607
Ukraine,230,Inland Fishing Grounds,0,0,1
Ukraine,230,Forest Land,2.83034,1.81878,1.55617
Ukraine,230,Infrastructure,0,0,1.02451
United Arab Emirates,225,Crop Land,11.537,10.3633,1.11325
United Arab Emirates,225,Grazing Land,0.5,6.19,0.0807754
United Arab Emirates,225,Marine Fishing Grounds,1134,503.836,2.25073
United Arab Emirates,225,Inland Fishing Grounds,0,0,1
United Arab Emirates,225,Forest Land,2.65693,1.81878,1.46083
United Arab Emirates,225,Infrastructure,0,0,1.11325
United Kingdom,229,Crop Land,10.3411,5.41605,1.90934
United Kingdom,229,Grazing Land,9.3,6.19,1.50242
United Kingdom,229,Marine Fishing Grounds,498.765,503.836,0.989935
United Kingdom,229,Inland Fishing Grounds,0,0,1
United Kingdom,229,Forest Land,4.61208,1.81878,2.53581
United Kingdom,229,Infrastructure,0,0,1.90934
United States of America,231,Crop Land,6.92241,5.67004,1.22088
United States of America,231,Grazing Land,4.48,6.19,0.723748
United States of America,231,Marine Fishing Grounds,533.176,503.836,1.05823
United States of America,231,Inland Fishing Grounds,0,0,1
United States of America,231,Forest Land,2.25848,1.81878,1.24176
United States of America,231,Infrastructure,0,0,1.22088
Uruguay,234,Crop Land,3.50877,2.61523,1.34167
Uruguay,234,Grazing Land,17.95,6.19,2.89984
Uruguay,234,Marine Fishing Grounds,1594,503.836,3.16373
Uruguay,234,Inland Fishing Grounds,0,0,1
Uruguay,234,Forest Land,3.26607,1.81878,1.79574
Uruguay,234,Infrastructure,0,0,1.34167
Uzbekistan,235,Crop Land,7.70095,5.87809,1.31011
Uzbekistan,235,Grazing Land,3.46,6.19,0.558966
Uzbekistan,235,Marine Fishing Grounds,0,503.836,0
Uzbekistan,235,Inland Fishing Grounds,0,0,1
Uzbekistan,235,Forest Land,0.725674,1.81878,0.398989
Uzbekistan,235,Infrastructure,0,0,1.31011
"Venezuela, Bolivarian Republic of",236,Crop Land,9.41245,19.7742,0.475997
"Venezuela, Bolivarian Republic of",236,Grazing Land,12.85,6.19,2.07593
"Venezuela, Bolivarian Republic of",236,Marine Fishing Grounds,851,503.836,1.68904
"Venezuela, Bolivarian Republic of",236,Inland Fishing Grounds,0,0,1
"Venezuela, Bolivarian Republic of",236,Forest Land,1.59317,1.81878,0.875951
"Venezuela, Bolivarian Republic of",236,Infrastructure,0,0,0.475997
Viet Nam,237,Crop Land,7.76758,3.63111,2.13917
Viet Nam,237,Grazing Land,16.9,6.19,2.73021
Viet Nam,237,Marine Fishing Grounds,452,503.836,0.897117
Viet Nam,237,Inland Fishing Grounds,0,0,1
Viet Nam,237,Forest Land,1.51351,1.81878,0.832154
Viet Nam,237,Infrastructure,0,0,2.13917
World,5001,Crop Land,6.25019,6.25019,1
World,5001,Grazing Land,6.19,6.19,1
World,5001,Marine Fishing Grounds,503.836,503.836,1
World,5001,Inland Fishing Grounds,0,0,1
World,5001,Forest Land,1.81878,1.81878,1
World,5001,Infrastructure,0,0,1
Yemen,249,Crop Land,2.83186,6.84749,0.413562
Yemen,249,Grazing Land,1.79,6.19,0.289176
Yemen,249,Marine Fishing Grounds,1145,503.836,2.27256
Yemen,249,Inland Fishing Grounds,0,0,1
Yemen,249,Forest Land,2.65693,1.81878,1.46083
Yemen,249,Infrastructure,0,0,0.413562
Zambia,251,Crop Land,4.27101,11.6138,0.367755
Zambia,251,Grazing Land,9.01,6.19,1.45557
Zambia,251,Marine Fishing Grounds,0,503.836,0
Zambia,251,Inland Fishing Grounds,0,0,1
Zambia,251,Forest Land,0.398291,1.81878,0.218988
Zambia,251,Infrastructure,0,0,0.367755
Zimbabwe,181,Crop Land,2.87246,16.4123,0.175018
Zimbabwe,181,Grazing Land,4.92,6.19,0.79483
Zimbabwe,181,Marine Fishing Grounds,0,503.836,0
Zimbabwe,181,Inland Fishing Grounds,0,0,1
Zimbabwe,181,Forest Land,0.159317,1.81878,0.0875951
Zimbabwe,181,Infrastructure,0,0,0.175018
