country,ecological_poverty_trap,newly_at_risk,emerging_risk_potential,emerging_risk_at_higher_footprint_ef_3_gha,post_ussr_contraction_and_recovery,countries_of_soviet_block_contractions,new_independent_countries_since_1960,severe_recession_since_financial_crisis_of_07,significant_wars_including_civil_wars_since_1960,piigs,brics,oecd,opec_countries,league_of_arab_states,four_asian_tigers,originally_low_income_in_1960_rapid_expansion,largest_gdp_contribution_2000_2010,gdp_per_capita_growth_rate_10_fastest_between_1990_2007,total_natural_resources_rents_over_20_of_gdp_in_2012,continuous_rapid_expansion_over_5_avg,continuing_recession,newly_industrialized_country,major_net_exporter_in_fossil_fuel_c_oal_n_atural_gas_o_il,high_fossil_fuel_consuming_efcarbon_40_of_eftotal,inflation_20_highest_in_2015,population_growth_2010_2015_over_2,ef_always_larger_than_biocapacity,biocapacity_always_larger_than_ef,per_capita_ef_gradually_increasing,per_capita_biocapcity_gradually_declining,per_capita_biocapcity_increasing,high_hdi_and_low_ef,high_income_and_high_biocapacity,low_income_and_low_biocapacity,biocapacity_deficit_expanding,biocapacity_reserve_expanding,high_biocapacity_and_low_income,footprint_reductions_without_resource_constraints,low_biocapacity_slow_expansion_and_low_income,from_biocapacity_reserve_to_deficit_between_1961_and_today,city_states,with_dependent_territory,oversea_territory
Afghanistan,true,false,false,false,false,false,false,false,true,false,false,false,false,false,false,false,false,false,false,true,false,false,0,false,false,true,false,false,false,false,false,false,false,true,false,false,false,false,false,true,false,false,false
Albania,false,false,false,true,true,false,true,false,false,false,false,false,false,false,false,false,false,true,false,false,false,false,0,false,false,false,true,false,false,false,true,true,false,false,true,false,false,false,false,false,false,false,false
Algeria,false,false,false,false,false,false,true,false,false,false,false,false,true,true,false,false,false,false,true,false,false,false,n,true,false,false,false,false,false,false,false,true,false,false,true,false,false,false,false,true,false,false,false
Angola,false,true,false,false,false,false,true,false,true,false,false,false,true,false,false,false,false,false,true,true,false,false,o,false,false,true,false,true,true,false,false,false,false,false,false,false,false,false,false,false,false,false,false
Antigua and Barbuda,false,false,false,false,false,false,true,true,false,false,false,false,false,false,false,false,false,false,false,false,false,false,0,true,false,false,true,false,true,false,false,false,false,false,false,false,false,false,false,false,false,false,false
Argentina,false,false,false,false,false,false,false,false,true,false,false,false,false,false,false,false,false,false,false,false,false,false,0,true,false,false,false,true,true,false,false,false,false,false,false,false,false,true,false,false,false,false,false
Armenia,false,false,false,true,true,true,true,false,false,false,false,false,false,false,false,false,false,true,false,false,false,false,0,false,false,false,true,false,false,false,true,true,false,false,true,false,false,false,false,false,false,false,false
Aruba,false,false,false,false,false,false,false,false,false,false,false,false,false,false,false,false,false,false,false,false,false,false,0,true,false,false,true,false,false,false,false,false,false,false,false,false,false,false,false,false,false,false,false
Australia,false,false,false,false,false,false,false,false,false,false,false,true,false,false,false,false,true,false,false,false,false,false,c,true,false,false,false,true,true,false,false,false,true,false,false,false,false,false,false,false,false,true,false
Austria,false,false,false,false,false,false,false,false,false,false,false,true,false,false,false,false,false,false,false,false,false,false,0,true,false,false,true,false,false,true,false,false,true,false,true,false,false,false,false,false,false,false,false
Azerbaijan,false,false,false,false,true,true,true,false,false,false,false,false,false,false,false,false,false,false,true,true,false,false,0,true,false,false,true,false,false,true,false,true,false,false,false,false,false,false,false,false,false,false,false
Bahamas,false,false,false,false,false,false,true,false,true,false,false,false,false,false,false,false,false,false,false,false,true,false,0,true,false,false,false,false,false,true,false,true,true,false,false,false,false,true,false,false,false,false,false
Bahrain,false,false,false,false,false,false,true,true,true,false,false,false,false,true,false,false,false,false,false,true,false,false,0,true,false,true,true,false,false,true,false,false,false,false,false,false,false,false,false,false,false,false,false
Bangladesh,false,false,true,true,false,false,true,false,true,false,false,false,false,false,false,false,false,false,false,true,false,false,0,false,false,false,true,false,false,true,false,false,false,true,true,false,false,false,false,false,false,false,false
Barbados,false,false,false,false,false,false,true,true,false,false,false,false,false,false,false,false,false,false,false,false,true,false,0,false,false,false,true,false,false,true,false,false,false,false,true,false,false,false,false,false,false,false,false
Belarus,false,false,false,false,true,true,true,false,false,false,false,false,false,false,false,false,false,false,false,false,false,false,0,false,true,false,true,false,false,false,false,false,false,false,false,false,false,false,false,false,false,false,false
Belgium,false,false,false,false,false,false,false,false,false,false,false,true,false,false,false,false,false,false,false,false,false,false,0,true,false,false,true,false,false,true,false,false,false,false,true,false,false,false,false,false,false,false,false
Benin,false,true,false,false,false,false,true,false,false,false,false,false,false,false,false,false,false,false,false,false,false,false,0,false,false,true,false,false,false,false,false,false,false,true,true,false,false,false,true,true,false,false,false
Bermuda,false,false,false,false,false,false,false,false,false,false,false,false,false,false,false,false,false,false,false,false,false,false,0,true,false,false,true,false,false,false,false,false,false,false,false,false,false,false,false,false,false,false,false
Bhutan,false,true,false,false,false,false,false,false,false,false,false,false,false,false,false,false,false,false,false,false,false,false,0,false,false,false,false,true,true,false,false,false,false,false,false,false,false,false,false,false,false,false,false
Bolivia,false,false,false,false,false,false,false,false,false,false,false,false,false,false,false,false,false,false,false,true,false,false,0,false,false,false,false,true,true,false,false,false,false,false,false,false,false,false,false,false,false,false,false
Bosnia and Herzegovina,false,false,false,false,false,true,true,false,true,false,false,false,false,false,false,false,false,false,false,false,false,false,0,true,false,false,false,false,false,false,false,false,false,false,true,false,false,false,false,false,false,false,false
Botswana,false,true,false,false,false,false,true,false,false,false,false,false,false,false,false,false,false,false,false,false,false,false,0,true,false,false,false,false,true,false,false,false,false,false,false,false,false,false,false,false,false,false,false
Brazil,false,false,false,false,false,false,false,false,false,false,true,false,false,false,false,true,true,false,false,false,false,true,0,false,false,false,false,true,true,false,false,false,false,false,false,false,false,false,false,false,false,false,false
Brunei Darussalam,false,false,false,false,false,false,true,true,true,false,false,false,false,false,false,false,false,false,true,false,true,false,0,true,false,false,false,false,false,true,false,false,true,false,true,false,false,false,false,true,false,false,false
Bulgaria,false,false,false,false,false,true,false,false,false,false,false,false,false,false,false,false,false,false,false,false,false,false,0,true,false,false,false,false,false,true,false,false,false,false,false,false,false,false,false,false,false,false,false
Burkina Faso,false,true,false,false,false,false,true,false,false,false,false,false,false,false,false,false,false,false,false,true,false,false,0,false,false,true,false,false,false,false,false,false,false,false,true,false,false,false,false,true,false,false,false
Burundi,true,false,false,false,false,false,true,false,false,false,false,false,false,false,false,false,false,false,false,false,false,false,0,false,false,true,true,false,false,false,false,false,false,true,true,false,false,false,true,false,false,false,false
Cabo Verde,false,false,false,true,false,false,true,false,false,false,false,false,false,false,false,false,false,false,false,false,false,false,0,true,false,false,false,false,false,true,false,false,false,false,true,false,false,false,false,true,false,false,false
Cambodia,false,false,false,true,false,false,false,false,true,false,false,false,false,false,false,false,false,false,false,true,false,false,0,false,false,false,false,false,false,false,false,false,false,false,false,false,false,false,false,true,false,false,false
Cameroon,false,true,false,false,false,false,true,false,false,false,false,false,false,false,false,false,false,false,false,false,false,false,0,false,false,true,false,true,true,false,false,false,false,false,false,false,false,false,false,false,false,false,false
Canada,false,false,false,false,false,false,false,false,false,false,false,true,false,false,false,false,true,false,false,false,false,false,c/n/o,true,false,false,false,true,true,false,false,false,true,false,false,false,false,false,false,false,false,false,false
Cayman Islands,false,false,false,false,false,false,false,false,false,false,false,false,false,false,false,false,false,false,false,false,false,false,0,true,false,false,true,false,false,false,false,false,false,false,false,false,false,false,false,false,false,false,false
Central African Republic,false,false,false,false,false,false,true,false,false,false,false,false,false,false,false,false,false,false,false,false,true,false,0,false,true,false,false,true,true,false,false,false,false,false,false,false,true,false,false,false,false,false,false
Chad,false,true,false,false,false,false,true,false,false,false,false,false,false,false,false,false,false,false,true,true,false,false,0,false,false,true,false,true,true,false,false,false,false,false,false,false,false,true,false,false,false,false,false
Chile,false,false,false,false,false,false,false,false,false,false,false,true,false,false,false,true,false,false,false,false,false,false,0,true,false,false,false,false,false,false,false,false,false,false,true,false,false,false,false,true,false,false,false
China,false,false,false,true,false,false,false,false,false,false,true,false,false,false,false,true,true,true,false,true,false,true,0,true,false,false,false,false,false,true,false,false,false,false,true,false,false,false,false,false,false,true,false
Colombia,false,false,false,false,false,false,false,false,true,false,false,false,false,false,false,false,false,false,false,false,false,false,c,false,false,false,false,true,true,false,false,true,false,false,false,false,false,true,false,false,false,false,false
Comoros,false,false,false,false,false,false,true,false,false,false,false,false,false,true,false,false,false,false,false,false,false,false,0,false,false,true,false,false,false,true,false,false,false,true,false,false,false,false,true,false,false,false,false
Congo,false,false,false,false,false,false,true,false,true,false,false,false,false,false,false,false,false,false,true,true,false,false,0,false,false,true,false,true,true,false,false,false,false,false,false,false,false,false,false,false,false,false,false
"Congo, Democratic Republic of",false,false,false,false,false,false,true,false,true,false,false,false,false,false,false,false,false,false,true,true,false,false,0,false,false,true,false,true,true,false,false,false,false,false,false,false,true,false,false,false,false,false,false
Costa Rica,false,false,false,false,false,false,false,false,false,false,false,false,false,false,false,false,false,false,false,false,false,false,0,true,false,false,false,false,false,false,false,true,false,false,true,false,false,false,false,true,false,false,false
Côte d'Ivoire,false,false,false,false,false,false,true,false,true,false,false,false,false,false,false,false,false,false,false,false,false,false,0,false,false,true,false,true,true,false,false,false,false,false,false,false,false,true,false,false,false,false,false
Croatia,false,false,false,false,false,true,true,false,false,false,false,false,false,false,false,false,false,false,false,false,true,false,0,true,false,false,false,false,false,false,false,false,false,false,true,false,false,false,false,true,false,false,false
Cuba,false,false,false,true,false,false,false,false,false,false,false,false,false,false,false,false,false,false,false,false,false,false,0,true,false,false,true,false,false,true,false,true,false,false,false,false,false,false,false,false,false,false,false
Cyprus,false,false,false,false,false,false,true,false,false,false,false,false,false,false,false,false,false,false,false,false,true,false,0,true,false,false,true,false,false,true,false,false,false,false,true,false,false,false,false,false,false,false,false
Czech Republic,false,false,false,false,false,true,true,false,true,false,false,true,false,false,false,false,false,true,false,false,false,false,0,true,false,false,true,false,false,true,false,false,false,false,true,false,false,false,false,false,false,false,false
Denmark,false,false,false,false,false,false,false,true,false,false,false,true,false,false,false,false,false,false,false,false,true,false,0,true,false,false,true,false,false,true,false,false,true,false,false,false,false,false,false,false,false,true,false
Djibouti,false,false,false,true,false,false,true,false,true,false,false,false,false,true,false,false,false,false,false,true,false,false,0,false,false,false,false,false,false,true,false,false,false,false,true,false,false,false,false,true,false,false,false
Dominica,false,false,false,true,false,false,true,false,false,false,false,false,false,false,false,false,false,false,false,false,false,false,0,true,false,false,false,false,false,false,false,true,false,false,true,false,false,false,false,true,false,false,false
Dominican Republic,false,false,false,true,false,false,false,false,true,false,false,false,false,false,false,false,false,false,false,true,false,false,0,true,false,false,false,false,false,false,false,true,false,false,true,false,false,false,false,true,false,false,false
Ecuador,false,true,false,false,false,false,false,false,false,false,false,false,true,false,false,false,false,false,false,false,false,false,0,true,false,false,false,false,true,false,false,true,false,false,false,false,false,false,false,false,false,false,false
Egypt,false,false,false,true,false,false,false,false,true,false,false,false,false,true,false,false,false,false,false,false,false,false,0,true,true,true,true,false,false,false,true,false,false,false,true,false,false,false,false,false,false,false,false
El Salvador,false,false,true,true,false,false,false,false,false,false,false,false,false,false,false,false,false,false,false,false,false,false,0,true,false,false,false,false,false,true,false,false,false,false,true,false,false,false,false,true,false,false,false
Equatorial Guinea,false,false,false,false,false,false,true,true,false,false,false,false,false,false,false,false,false,false,true,false,true,false,0,true,false,true,false,false,true,true,false,false,true,false,false,false,false,false,false,false,false,false,false
Eritrea,false,false,false,false,false,false,true,false,false,false,false,false,false,false,false,false,false,false,false,false,false,false,0,false,true,true,false,true,false,false,false,false,false,false,false,false,false,true,false,false,false,false,false
Estonia,false,false,false,false,true,true,true,true,false,false,false,true,false,false,false,false,false,true,false,false,false,false,0,true,false,false,false,true,false,false,true,false,true,false,false,true,false,false,false,false,false,false,false
Ethiopia,false,false,true,true,false,false,false,false,true,false,false,false,false,false,false,false,false,false,false,true,false,false,0,false,false,true,true,false,true,true,false,false,false,true,false,false,false,false,false,false,false,false,false
Fiji,false,true,false,false,false,false,true,false,false,false,false,false,false,false,false,false,false,false,false,false,false,false,0,false,false,false,false,false,false,false,false,false,false,false,true,false,false,false,false,true,false,false,false
Finland,false,false,false,false,false,false,false,true,false,false,false,true,false,false,false,false,false,false,false,false,false,false,0,true,false,false,false,true,true,true,false,false,true,false,false,true,false,true,false,false,false,true,false
France,false,false,false,false,false,false,false,true,false,false,false,true,false,false,false,false,true,false,false,false,false,false,0,true,false,false,true,false,false,false,true,false,true,false,false,false,false,false,false,false,false,true,false
French Guiana,false,false,false,false,false,false,false,false,false,false,false,false,false,false,false,false,false,false,false,false,false,false,0,true,false,false,false,true,false,true,false,true,true,false,true,false,false,true,false,false,false,false,true
French Polynesia,false,false,true,true,false,false,false,false,false,false,false,false,false,false,false,false,false,false,false,false,false,false,0,true,false,false,false,false,false,false,false,false,false,false,true,false,false,false,false,true,false,false,true
Gabon,false,false,false,false,false,false,true,true,true,false,false,false,false,false,false,false,false,false,true,true,false,false,0,false,false,true,false,true,false,true,false,false,false,false,false,false,false,false,false,false,false,false,false
Gambia,false,true,false,false,false,false,true,false,false,false,false,false,false,false,false,false,false,false,false,false,false,false,0,false,false,true,false,false,false,false,false,false,false,true,true,false,false,false,true,true,false,false,false
Georgia,false,false,false,false,true,false,true,false,false,false,false,false,false,false,false,false,false,false,false,false,false,false,0,true,false,false,false,false,false,false,false,true,false,false,false,false,false,false,false,false,false,false,false
Germany,false,false,false,false,false,true,false,false,false,false,false,true,false,false,false,false,true,false,false,false,false,false,0,true,false,false,true,false,false,false,true,false,false,false,true,false,false,false,false,false,false,false,false
Ghana,false,true,false,false,false,false,false,false,false,false,false,false,false,false,false,false,false,false,true,true,false,false,0,false,true,true,false,false,false,false,false,false,false,false,true,false,false,false,false,true,false,false,false
Greece,false,false,false,false,false,false,false,true,false,true,false,true,false,false,false,false,false,false,false,false,true,false,0,true,false,false,true,false,false,false,true,false,false,false,true,false,false,false,false,false,false,false,false
Grenada,false,false,false,false,false,false,true,false,false,false,false,false,false,false,false,false,false,false,false,false,false,false,0,true,false,false,false,false,false,true,false,false,false,false,true,false,false,false,false,true,false,false,false
Guadeloupe,false,false,false,false,false,false,false,false,false,false,false,false,false,false,false,false,false,false,false,false,false,false,0,true,false,false,true,false,false,true,false,false,false,false,true,false,false,false,false,false,false,false,true
Guatemala,false,false,true,true,false,false,false,false,false,false,false,false,false,false,false,false,false,false,false,false,false,false,0,true,false,true,false,false,false,false,false,false,false,false,true,false,false,false,false,true,false,false,false
Guinea,false,true,false,false,false,false,false,false,false,false,false,false,false,false,false,false,false,false,true,false,false,false,0,false,true,true,false,true,true,false,false,false,false,false,false,false,false,false,false,false,false,false,false
Guinea-Bissau,false,false,false,false,false,false,true,false,false,false,false,false,false,false,false,false,false,false,false,false,false,false,0,false,false,true,false,true,true,false,false,false,false,false,false,false,true,false,false,false,false,false,false
Guyana,false,false,false,false,false,false,true,false,false,false,false,false,false,false,false,false,false,false,true,false,false,false,0,true,false,false,false,true,true,false,false,false,false,false,false,false,false,false,false,false,false,false,false
Haiti,false,false,true,true,false,false,false,false,false,false,false,false,false,false,false,false,false,false,false,false,false,false,0,false,false,false,true,false,false,false,false,false,false,true,true,false,false,false,true,false,false,false,false
Honduras,false,true,false,false,false,false,false,false,false,false,false,false,false,false,false,false,false,false,false,false,false,false,0,false,false,false,false,true,true,false,false,false,false,false,false,false,false,true,false,false,false,false,false
Hungary,false,false,false,false,false,true,false,false,true,false,false,true,false,false,false,false,false,false,false,false,false,false,0,true,false,false,true,false,false,false,true,true,false,false,false,false,false,false,false,false,false,false,false
India,false,false,true,true,false,false,false,false,true,false,true,false,false,false,false,false,true,false,false,true,false,true,0,true,false,false,true,false,false,true,false,false,false,false,true,false,false,false,false,false,false,false,false
Indonesia,false,true,false,false,false,false,false,false,false,false,false,false,true,false,false,true,true,false,false,true,false,false,c/n,true,false,false,false,false,false,false,false,false,false,false,true,false,false,false,false,true,false,false,false
"Iran, Islamic Republic of",false,false,false,true,false,false,true,false,true,false,false,false,true,false,false,false,true,false,true,false,false,false,o,true,true,false,false,false,false,false,false,true,false,false,true,false,false,false,false,true,false,false,false
Iraq,false,false,false,false,false,false,false,false,true,false,false,false,true,true,false,false,false,false,true,true,false,false,o,true,false,true,false,false,false,false,false,false,false,false,true,false,false,false,false,false,false,false,false
Ireland,false,false,false,false,false,false,false,true,false,true,false,true,false,false,false,false,false,true,false,false,false,false,0,true,false,false,false,false,false,false,false,false,true,false,true,false,false,false,false,true,false,false,false
Israel,false,false,false,false,false,false,false,false,true,false,false,true,false,false,false,true,false,false,false,false,false,false,0,true,false,false,true,false,false,true,false,false,false,false,true,false,false,false,false,false,false,false,false
Italy,false,false,false,false,false,false,false,true,false,true,false,true,false,false,false,false,true,false,false,false,true,false,0,true,false,false,true,false,false,true,false,false,false,false,true,false,false,false,false,false,false,false,false
Jamaica,false,false,false,true,false,false,true,true,false,false,false,false,false,false,false,false,false,false,false,false,true,false,0,true,false,false,false,false,false,true,false,true,false,false,true,false,false,false,false,false,false,false,false
Japan,false,false,false,false,false,false,false,true,false,false,false,true,false,false,false,true,true,false,false,false,false,false,0,true,false,false,true,false,false,true,false,false,false,false,true,false,false,false,false,false,false,false,false
Jordan,false,false,false,true,false,false,false,false,false,false,false,false,false,true,false,false,false,false,false,false,false,false,0,true,false,true,true,false,false,false,false,true,false,false,true,false,false,false,false,false,false,false,false
Kazakhstan,false,false,false,false,true,true,true,true,true,false,false,false,false,false,false,false,false,false,true,true,false,false,c/o,true,false,false,false,false,false,false,false,false,false,false,false,false,false,false,false,true,false,false,false
Kenya,true,false,false,false,false,false,true,false,true,false,false,false,false,false,false,false,false,false,false,true,false,false,0,false,false,true,false,false,false,false,false,false,false,true,true,false,false,false,false,true,false,false,false
"Korea, Democratic People's Republic of",false,false,true,true,false,true,false,false,false,false,false,false,false,false,false,false,false,false,false,false,false,false,0,true,false,false,false,false,false,false,false,false,false,true,false,false,false,false,true,true,false,false,false
"Korea, Republic of",false,false,false,false,false,false,false,false,false,false,false,true,false,false,true,true,true,false,false,false,false,false,0,true,false,false,false,false,false,true,false,false,false,false,true,false,false,false,false,true,false,false,false
Kuwait,false,false,false,false,false,false,true,true,true,false,false,false,true,true,false,false,false,false,true,false,false,false,o,true,false,true,true,false,true,false,false,false,false,false,true,false,false,false,false,true,false,false,false
Kyrgyzstan,false,true,false,false,true,true,false,false,false,false,false,false,false,false,false,false,false,false,false,false,false,false,0,true,false,false,false,false,false,false,false,false,false,false,true,false,false,false,false,false,false,false,false
Lao People's Democratic Republic,false,true,false,false,false,false,false,false,true,false,false,false,false,false,false,false,false,false,false,true,false,false,0,false,false,false,false,true,true,false,false,false,false,false,false,false,false,false,false,false,false,false,false
Latvia,false,false,false,false,true,true,true,true,false,false,false,true,false,false,false,false,false,false,false,false,false,false,0,false,false,false,false,true,false,false,true,false,true,false,false,true,false,false,false,false,false,false,false
Lebanon,false,false,false,true,false,false,false,false,true,false,false,false,false,true,false,false,false,false,false,false,false,false,0,true,false,false,true,false,false,true,false,false,false,false,true,false,false,false,false,false,false,false,false
Lesotho,false,false,true,true,false,false,true,false,false,false,false,false,false,false,false,false,false,false,false,false,false,false,0,false,false,false,false,false,false,false,false,false,false,false,true,false,false,false,false,true,false,false,false
Liberia,false,true,false,false,false,false,false,false,true,false,false,false,false,false,false,false,false,false,true,true,false,false,0,false,true,true,false,true,true,false,false,false,false,false,false,false,false,false,false,false,false,false,false
Libyan Arab Jamahiriya,false,false,false,false,false,false,false,false,true,false,false,false,true,true,false,false,false,false,true,false,false,false,o,true,false,false,false,false,false,false,false,false,false,false,true,false,false,false,false,true,false,false,false
Lithuania,false,false,false,false,true,true,true,true,false,false,false,false,false,false,false,false,false,false,false,false,false,false,0,false,false,false,false,false,false,false,false,false,false,false,false,false,false,false,false,false,false,false,false
Luxembourg,false,false,false,false,false,false,false,true,false,false,false,true,false,false,false,false,false,false,false,false,false,false,0,true,false,true,true,false,false,true,false,false,false,false,true,false,false,false,false,false,false,false,false
Macedonia TFYR,false,false,true,true,false,true,true,false,false,false,false,false,false,false,false,false,false,false,false,false,false,false,0,true,false,false,true,false,false,true,false,false,false,false,true,false,false,false,false,false,false,false,false
Madagascar,false,false,false,false,false,false,true,false,false,false,false,false,false,false,false,false,false,false,false,false,false,false,0,false,false,false,false,true,true,false,false,false,false,false,false,false,false,false,false,false,false,false,false
Malawi,false,false,true,false,false,false,true,false,false,false,false,false,false,false,false,false,false,false,false,false,false,false,0,false,false,true,false,false,false,false,false,false,false,true,true,false,false,false,true,true,false,false,false
Malaysia,false,false,false,false,false,false,false,false,true,false,false,false,false,false,false,true,false,false,false,false,false,true,n,true,false,false,false,false,false,false,false,false,false,false,true,false,false,false,false,true,false,false,false
Mali,false,true,false,false,false,false,true,false,false,false,false,false,false,false,false,false,false,false,false,false,false,false,0,false,false,true,false,false,true,false,false,false,false,false,false,false,false,false,false,false,false,false,false
Malta,false,false,false,false,false,false,true,false,true,false,false,false,false,false,false,false,false,false,false,true,false,false,0,false,false,false,true,false,true,false,false,false,false,false,false,false,false,false,false,false,false,false,false
Martinique,false,false,false,false,false,false,false,false,false,false,false,false,false,false,false,false,false,false,false,false,false,false,0,true,false,false,true,false,false,true,false,false,false,false,false,false,false,false,false,false,false,false,true
Mauritania,false,false,false,false,false,false,false,false,false,false,false,false,false,false,false,false,false,false,true,false,false,false,0,false,false,true,false,true,true,false,false,false,false,false,false,false,false,true,false,false,false,false,false
Mauritius,false,false,false,false,false,false,true,false,false,false,false,false,false,false,false,false,false,false,false,false,false,false,0,true,false,false,false,false,false,false,false,false,false,false,true,false,false,false,false,true,false,false,false
Mexico,false,false,false,true,false,false,false,false,false,false,false,false,false,false,false,true,true,false,false,false,false,true,o,true,false,false,false,false,false,false,false,true,false,false,true,false,false,false,false,true,false,false,false
"Micronesia, Federated States of",false,true,false,false,false,false,true,false,false,false,false,false,false,false,false,false,false,false,false,false,true,false,0,false,false,false,false,false,true,false,false,false,false,false,true,false,false,false,false,true,false,false,false
Moldova,false,false,true,true,true,true,false,false,false,false,false,false,false,false,false,false,false,false,false,false,false,false,0,true,false,false,true,false,false,false,false,false,false,false,false,false,false,false,false,false,false,false,false
Mongolia,false,false,false,false,false,true,false,false,false,false,false,false,false,false,false,false,false,false,true,true,false,false,c,false,true,false,false,true,true,false,false,false,false,false,false,false,false,false,false,false,false,false,false
Montenegro,false,false,false,false,false,true,false,false,false,false,false,false,false,false,false,false,false,false,false,false,false,false,0,true,false,false,true,false,false,false,false,false,false,false,false,false,false,false,false,false,false,false,false
Morocco,false,false,false,true,false,false,false,false,false,false,false,false,false,true,false,false,false,false,false,false,false,false,0,true,false,false,false,false,false,false,false,false,false,false,false,false,false,false,false,true,false,false,false
Mozambique,false,false,false,false,false,false,true,false,false,false,false,false,false,false,false,false,false,false,false,true,false,false,0,false,false,true,false,true,true,false,false,false,false,false,false,false,false,false,false,false,false,false,false
Myanmar,false,false,false,false,false,false,false,false,false,false,false,false,false,false,false,false,false,false,false,true,false,false,0,false,false,false,false,true,false,false,false,false,false,false,false,false,false,false,false,false,false,false,false
Namibia,false,false,false,false,false,false,true,false,true,false,false,false,false,false,false,false,false,false,false,true,false,false,0,false,false,true,false,true,false,true,false,false,false,false,false,false,false,false,false,false,false,false,false
Nepal,false,false,true,true,false,false,false,false,false,false,false,false,false,false,false,false,false,false,false,false,false,false,0,false,false,false,true,false,false,true,false,false,false,true,true,false,false,false,true,false,false,false,false
Netherlands,false,false,false,false,false,false,false,false,false,false,false,true,false,false,false,false,true,false,false,false,false,false,n,true,false,false,true,false,false,true,false,false,false,false,true,false,false,false,false,false,false,true,false
New Zealand,false,false,false,false,false,false,false,false,false,false,false,true,false,false,false,false,false,false,false,false,false,false,0,true,false,false,false,true,true,false,false,false,true,false,false,false,false,false,false,false,false,true,false
Nicaragua,false,true,false,false,false,false,false,false,false,false,false,false,false,false,false,false,false,false,false,false,false,false,0,false,false,false,false,true,true,false,false,false,false,false,false,false,false,true,false,false,false,false,false
Niger,true,false,false,false,false,false,false,false,false,false,false,false,false,false,false,false,false,false,true,true,false,false,0,false,false,true,false,false,true,false,false,false,false,false,false,false,false,false,false,true,false,false,false
Nigeria,false,false,true,true,false,false,true,false,true,false,false,false,true,false,false,false,false,false,false,true,false,false,n/o,false,false,true,false,false,false,false,false,false,false,false,true,false,false,false,false,true,false,false,false
Norway,false,false,false,false,false,false,false,false,false,false,false,true,false,false,false,false,false,false,false,false,false,false,n/o,false,false,false,false,false,false,true,false,false,true,false,false,true,false,true,false,false,false,true,false
Oman,false,false,false,false,false,false,false,false,false,false,false,false,false,true,false,false,false,false,true,true,false,false,0,true,false,true,false,false,false,false,false,false,false,false,true,false,false,false,false,true,false,false,false
Pakistan,false,false,true,true,false,false,false,false,true,false,false,false,false,false,false,false,false,false,false,false,false,false,0,true,false,true,true,false,false,true,false,false,false,false,true,false,false,false,false,false,false,false,false
Panama,false,false,false,true,false,false,false,false,false,false,false,false,false,false,false,false,false,false,false,true,false,false,0,true,false,false,false,false,true,false,false,true,false,false,false,false,false,false,false,false,false,false,false
Papua New Guinea,false,false,false,false,false,false,true,false,false,false,false,false,false,false,false,false,false,false,true,true,false,false,0,false,false,true,false,true,true,false,false,false,false,false,false,false,false,false,false,false,false,false,false
Paraguay,false,false,false,false,false,false,false,false,false,false,false,false,false,false,false,false,false,false,false,true,false,false,0,false,false,false,false,true,true,false,false,false,false,false,false,false,false,false,false,false,false,false,false
Peru,false,false,false,false,false,false,false,false,false,false,false,false,false,false,false,false,false,false,false,true,false,false,0,false,false,false,false,true,true,false,false,true,false,false,false,false,false,false,false,false,false,false,false
Philippines,false,false,true,true,false,false,false,false,true,false,false,false,false,false,false,false,false,false,false,true,false,false,0,false,false,false,false,false,false,false,false,false,false,false,true,false,false,false,false,true,false,false,false
Poland,false,false,false,false,false,true,false,false,false,false,false,true,false,false,false,false,false,true,false,false,false,false,0,true,false,false,true,false,false,true,false,false,false,false,false,false,false,false,false,false,false,false,false
Portugal,false,false,false,false,false,false,false,true,false,true,false,true,false,false,false,false,false,false,false,false,true,false,0,true,false,false,true,false,false,false,true,false,false,false,true,false,false,false,false,false,false,false,false
Qatar,false,false,false,false,false,false,true,true,true,false,false,false,true,true,false,false,false,false,true,true,false,false,n,false,false,true,false,false,true,true,false,false,false,false,false,false,false,false,false,true,false,false,false
Réunion,false,false,false,false,false,false,false,false,false,false,false,false,false,false,false,false,false,false,false,false,false,false,0,true,false,false,true,false,false,true,false,false,false,false,true,false,false,false,false,false,false,false,true
Romania,false,false,false,true,false,true,false,true,false,false,false,false,false,false,false,false,false,true,false,false,false,false,0,true,false,false,true,false,false,true,false,true,false,false,false,false,false,false,false,false,false,false,false
Russian Federation,false,false,false,false,true,true,true,true,false,false,true,false,false,false,false,false,true,false,true,false,false,false,c/n/o,true,true,false,false,false,false,true,false,false,false,false,false,false,false,false,false,false,false,false,false
Rwanda,true,false,false,false,false,false,true,false,false,false,false,false,false,false,false,false,false,false,false,true,false,false,0,false,false,true,true,false,false,false,false,false,false,true,true,false,false,false,false,false,false,false,false
Saint Lucia,false,false,false,false,false,false,true,false,false,false,false,false,false,false,false,false,false,false,false,false,false,false,0,true,false,false,false,false,false,false,false,true,false,false,true,false,false,false,false,true,false,false,false
Samoa,false,false,true,true,false,false,true,true,false,false,false,false,false,false,false,false,false,false,false,false,false,false,0,false,false,false,false,false,false,false,false,false,false,false,true,false,false,false,false,true,false,false,false
Sao Tome and Principe,false,true,false,false,false,false,true,false,false,false,false,false,false,false,false,false,false,false,false,false,false,false,0,false,false,false,false,false,false,false,false,false,false,false,true,false,false,false,false,true,false,false,false
Senegal,false,true,false,false,false,false,true,false,true,false,false,false,false,false,false,false,false,false,false,false,false,false,0,false,false,true,false,false,true,false,false,false,false,false,false,false,false,false,false,true,false,false,false
Serbia,false,false,false,false,false,true,true,false,true,false,false,false,false,false,false,false,false,false,false,false,false,false,0,true,false,false,true,false,false,false,false,true,false,false,false,false,false,false,false,false,false,false,false
Sierra Leone,false,true,false,false,false,false,true,false,true,false,false,false,false,false,false,false,false,false,false,true,false,false,0,false,false,true,false,false,false,false,false,false,false,false,false,false,false,false,false,false,false,false,false
Singapore,false,false,false,false,false,false,true,false,false,false,false,false,false,false,true,true,false,false,false,true,false,false,0,true,false,false,true,false,false,false,false,false,false,false,true,false,false,false,false,false,true,false,false
Slovakia,false,false,false,false,false,true,true,false,true,false,false,true,false,false,false,false,false,true,false,false,false,false,0,true,false,false,false,false,false,false,false,false,false,false,true,false,false,false,false,false,false,false,false
Slovenia,false,false,false,false,false,true,true,true,false,false,false,false,true,false,false,false,false,false,false,false,false,false,0,true,false,false,true,false,false,true,false,false,false,false,true,false,false,false,false,false,false,false,false
Somalia,false,true,false,false,false,false,true,false,true,false,false,false,false,true,false,false,false,false,false,false,false,false,0,false,false,true,false,false,false,false,false,false,false,false,false,false,false,false,false,false,false,false,false
South Africa,false,false,false,true,false,false,false,false,false,false,true,false,false,false,false,false,false,false,false,false,false,true,c,true,false,false,false,false,false,false,false,false,false,false,true,false,false,false,false,true,false,false,false
South Sudan,false,false,false,false,false,false,true,true,true,false,false,false,false,false,false,false,false,false,false,false,true,false,0,false,true,true,false,true,false,true,false,false,false,false,false,false,false,true,false,false,false,false,false
Spain,false,false,false,false,false,false,false,true,false,true,false,true,false,false,false,false,true,false,false,false,true,false,0,true,false,false,true,false,false,true,false,false,false,false,true,false,false,false,false,false,false,false,false
Sri Lanka,false,false,true,true,false,false,false,false,true,false,false,false,false,false,false,false,false,false,false,true,false,false,0,false,false,false,true,false,false,true,false,false,false,false,true,false,false,false,false,false,false,false,false
Sudan,false,true,false,false,false,false,false,false,true,false,false,false,false,true,false,false,false,false,false,true,false,false,0,false,true,true,true,false,true,false,true,false,false,false,false,false,false,false,false,false,false,false,false
Suriname,false,false,false,false,false,false,true,false,true,false,false,false,false,false,false,false,false,false,true,false,true,false,0,false,false,false,false,true,false,true,false,false,false,false,false,false,false,false,false,false,false,false,false
Swaziland,false,false,true,true,false,false,true,false,false,false,false,false,false,false,false,false,false,false,false,true,false,false,0,false,false,false,true,false,false,false,false,false,false,false,false,false,false,false,false,true,false,false,false
Sweden,false,false,false,false,false,false,false,false,false,false,false,true,false,false,false,false,false,false,false,false,false,false,0,true,false,false,false,true,false,true,false,false,true,false,false,true,false,false,false,false,false,false,false
Switzerland,false,false,false,false,false,false,false,false,false,false,false,true,false,false,false,false,false,false,false,false,false,false,0,true,false,false,true,false,false,true,false,false,false,false,false,false,false,false,false,false,false,false,false
Syrian Arab Republic,false,false,true,true,false,false,false,false,true,false,false,false,false,true,false,false,false,false,false,false,false,false,0,true,true,false,false,false,false,false,false,false,false,false,true,false,false,false,false,true,false,false,false
Tajikistan,false,false,false,false,true,true,true,false,false,false,false,false,false,false,false,false,false,false,false,true,false,false,0,false,false,true,true,false,false,false,true,false,false,true,false,false,false,false,false,false,false,false,false
"Tanzania, United Republic of",false,true,false,false,false,false,true,false,false,false,false,false,false,false,false,false,false,false,false,true,false,false,0,false,false,true,false,false,true,false,false,false,false,false,true,false,false,false,false,true,false,false,false
Thailand,false,false,false,true,false,false,false,false,false,false,false,false,false,false,false,true,false,false,false,false,false,true,0,true,false,false,false,false,false,false,false,true,false,false,true,false,false,false,false,true,false,false,false
Timor-Leste,false,false,false,false,false,false,true,false,false,false,false,false,false,false,false,false,false,false,false,true,false,false,0,false,false,true,false,true,true,false,false,false,false,false,false,false,false,false,false,false,false,false,false
Togo,true,false,false,false,false,false,true,false,false,false,false,false,false,false,false,false,false,false,false,false,false,false,0,false,false,true,true,false,false,false,false,false,false,true,true,false,false,false,true,false,false,false,false
Tonga,false,false,false,true,false,false,true,false,false,false,false,false,false,false,false,false,false,false,false,false,false,false,0,false,false,false,false,false,false,false,false,true,false,false,true,false,false,false,false,true,false,false,false
Trinidad and Tobago,false,false,false,false,false,false,true,false,false,false,false,false,false,false,false,false,false,false,true,false,false,false,0,false,false,false,false,false,false,false,false,false,false,false,true,false,false,false,false,true,false,false,false
Tunisia,false,false,false,true,false,false,false,false,false,false,false,false,false,true,false,false,false,false,false,false,false,false,0,true,false,false,false,false,false,false,false,true,false,false,true,false,false,false,false,true,false,false,false
Turkey,false,false,false,true,false,false,false,false,false,false,false,true,false,false,false,true,true,false,false,false,false,true,0,true,true,false,false,false,false,false,false,false,false,false,true,false,false,false,false,true,false,false,false
Turkmenistan,false,false,false,false,true,true,true,false,false,false,false,false,false,false,false,false,false,false,true,false,false,false,n,true,true,false,false,false,false,false,false,false,false,false,true,false,false,false,false,true,false,false,false
Uganda,true,false,false,false,false,false,true,false,false,false,false,false,false,false,false,false,false,false,false,true,false,false,0,false,false,true,true,false,false,false,false,false,false,true,true,false,false,false,false,false,false,false,false
Ukraine,false,false,false,true,true,true,true,true,false,false,false,false,false,false,false,false,false,false,false,false,false,false,0,false,true,false,true,false,false,true,false,true,false,false,false,false,false,false,false,false,false,false,false
United Arab Emirates,false,false,false,false,false,false,true,true,true,false,false,false,true,true,false,false,false,false,true,true,false,false,o,true,false,false,true,false,false,true,false,false,false,false,false,false,false,false,false,false,false,false,false
United Kingdom,false,false,false,false,false,false,false,true,false,false,false,true,false,false,false,false,true,false,false,false,false,false,0,true,false,false,true,false,false,true,false,false,false,false,false,false,false,false,false,false,false,true,false
United States of America,false,false,false,false,false,false,false,true,false,false,false,true,false,false,false,false,true,false,false,false,false,false,c/n,true,false,false,true,false,false,true,false,false,true,false,false,false,false,false,false,false,false,true,false
Uruguay,false,false,false,false,false,false,false,false,false,false,false,false,false,false,false,true,false,false,false,true,false,false,0,false,false,false,false,true,false,false,true,false,false,false,false,true,false,true,false,false,false,false,false
Uzbekistan,false,false,false,true,true,true,true,false,false,false,false,false,false,false,false,false,false,false,true,true,false,false,0,true,true,false,true,false,false,true,false,false,false,false,false,false,false,false,false,false,false,false,false
"Venezuela, Bolivarian Republic of",false,true,false,false,false,false,false,false,false,false,false,false,true,false,false,false,false,false,true,false,false,false,o,true,true,false,false,false,false,false,false,false,false,false,true,false,false,false,false,true,false,false,false
Viet Nam,false,false,true,true,false,false,false,false,true,false,false,false,false,false,false,true,false,true,false,true,false,false,c,true,false,false,false,false,false,false,false,false,false,false,true,false,false,false,false,true,false,false,false
World,false,false,false,true,false,false,false,false,false,false,false,false,false,false,false,false,false,false,false,false,false,false,0,false,false,false,false,false,false,false,false,false,false,false,false,false,false,false,false,false,false,false,false
Yemen,false,true,false,false,false,false,false,false,true,false,false,false,false,true,false,false,false,false,true,false,false,false,0,true,true,true,false,false,false,false,false,false,false,false,true,false,false,false,false,true,false,false,false
Zambia,false,false,true,true,false,false,true,false,true,false,false,false,false,false,false,false,false,false,false,true,false,false,0,false,false,true,false,true,true,false,false,false,false,false,false,false,false,true,false,false,false,false,false
Zimbabwe,true,false,false,false,false,false,true,false,true,false,false,false,false,false,false,false,false,false,false,false,false,false,0,false,false,true,false,false,false,false,false,false,false,true,true,false,false,false,true,true,false,false,false
