{"name":"footprint_nfa-2018-country-stories-matrix","title":"NFA 2018 Country Stories Matrix","homepage":"https://data.world/footprint/nfa-2018-country-stories-matrix","resources":[{"name":"nfa_2018_country_story_matrix","schema":{"fields":[{"name":"country","title":"country","type":"string","rdfType":"http://www.w3.org/2001/XMLSchema#string","dwSourceId":"country"},{"name":"ecological_poverty_trap","title":"Ecological poverty trap","type":"boolean","rdfType":"http://www.w3.org/2001/XMLSchema#boolean","dwSourceId":"ecological_poverty_trap"},{"name":"newly_at_risk","title":"Newly at risk","type":"boolean","rdfType":"http://www.w3.org/2001/XMLSchema#boolean","dwSourceId":"newly_at_risk"},{"name":"emerging_risk_potential","title":"Emerging risk potential","type":"boolean","rdfType":"http://www.w3.org/2001/XMLSchema#boolean","dwSourceId":"emerging_risk_potential"},{"name":"emerging_risk_at_higher_footprint_ef_3_gha","title":"Emerging risk at higher footprint (Ef<3 gha)","type":"boolean","rdfType":"http://www.w3.org/2001/XMLSchema#boolean","dwSourceId":"emerging_risk_at_higher_footprint_ef_3_gha"},{"name":"post_ussr_contraction_and_recovery","title":"post-USSR: contraction and recovery","type":"boolean","rdfType":"http://www.w3.org/2001/XMLSchema#boolean","dwSourceId":"post_ussr_contraction_and_recovery"},{"name":"countries_of_soviet_block_contractions","title":"Countries of Soviet block: contractions","type":"boolean","rdfType":"http://www.w3.org/2001/XMLSchema#boolean","dwSourceId":"countries_of_soviet_block_contractions"},{"name":"new_independent_countries_since_1960","title":"New independent countries since 1960","type":"boolean","rdfType":"http://www.w3.org/2001/XMLSchema#boolean","dwSourceId":"new_independent_countries_since_1960"},{"name":"severe_recession_since_financial_crisis_of_07","title":"Severe recession since Financial crisis of 07","type":"boolean","rdfType":"http://www.w3.org/2001/XMLSchema#boolean","dwSourceId":"severe_recession_since_financial_crisis_of_07"},{"name":"significant_wars_including_civil_wars_since_1960","title":"Significant wars (including civil wars) since 1960","type":"boolean","rdfType":"http://www.w3.org/2001/XMLSchema#boolean","dwSourceId":"significant_wars_including_civil_wars_since_1960"},{"name":"piigs","title":"PIIGS","type":"boolean","rdfType":"http://www.w3.org/2001/XMLSchema#boolean","dwSourceId":"piigs"},{"name":"brics","title":"BRICS","type":"boolean","rdfType":"http://www.w3.org/2001/XMLSchema#boolean","dwSourceId":"brics"},{"name":"oecd","title":"OECD","type":"boolean","rdfType":"http://www.w3.org/2001/XMLSchema#boolean","dwSourceId":"oecd"},{"name":"opec_countries","title":"OPEC countries","type":"boolean","rdfType":"http://www.w3.org/2001/XMLSchema#boolean","dwSourceId":"opec_countries"},{"name":"league_of_arab_states","title":"League of Arab States","type":"boolean","rdfType":"http://www.w3.org/2001/XMLSchema#boolean","dwSourceId":"league_of_arab_states"},{"name":"four_asian_tigers","title":"Four Asian Tigers","type":"boolean","rdfType":"http://www.w3.org/2001/XMLSchema#boolean","dwSourceId":"four_asian_tigers"},{"name":"originally_low_income_in_1960_rapid_expansion","title":"Originally low income in 1960, rapid expansion","type":"boolean","rdfType":"http://www.w3.org/2001/XMLSchema#boolean","dwSourceId":"originally_low_income_in_1960_rapid_expansion"},{"name":"largest_gdp_contribution_2000_2010","title":"Largest GDP Contribution (2000-2010)","type":"boolean","rdfType":"http://www.w3.org/2001/XMLSchema#boolean","dwSourceId":"largest_gdp_contribution_2000_2010"},{"name":"gdp_per_capita_growth_rate_10_fastest_between_1990_2007","title":"GDP per capita growth rate (10 fastest between 1990-2007)","type":"boolean","rdfType":"http://www.w3.org/2001/XMLSchema#boolean","dwSourceId":"gdp_per_capita_growth_rate_10_fastest_between_1990_2007"},{"name":"total_natural_resources_rents_over_20_of_gdp_in_2012","title":"Total natural resources rents over 20% of GDP in 2012","type":"boolean","rdfType":"http://www.w3.org/2001/XMLSchema#boolean","dwSourceId":"total_natural_resources_rents_over_20_of_gdp_in_2012"},{"name":"continuous_rapid_expansion_over_5_avg","title":"Continuous rapid expansion (over 5% avg.)","type":"boolean","rdfType":"http://www.w3.org/2001/XMLSchema#boolean","dwSourceId":"continuous_rapid_expansion_over_5_avg"},{"name":"continuing_recession","title":"Continuing recession","type":"boolean","rdfType":"http://www.w3.org/2001/XMLSchema#boolean","dwSourceId":"continuing_recession"},{"name":"newly_industrialized_country","title":"Newly industrialized country","type":"boolean","rdfType":"http://www.w3.org/2001/XMLSchema#boolean","dwSourceId":"newly_industrialized_country"},{"name":"major_net_exporter_in_fossil_fuel_c_oal_n_atural_gas_o_il","title":"Major net exporter in fossil fuel ([c]oal,[n]atural gas,[o]il )","type":"string","rdfType":"http://www.w3.org/2001/XMLSchema#string","dwSourceId":"major_net_exporter_in_fossil_fuel_c_oal_n_atural_gas_o_il"},{"name":"high_fossil_fuel_consuming_efcarbon_40_of_eftotal","title":"High fossil fuel consuming (EFcarbon > 40% of EFtotal)","type":"boolean","rdfType":"http://www.w3.org/2001/XMLSchema#boolean","dwSourceId":"high_fossil_fuel_consuming_efcarbon_40_of_eftotal"},{"name":"inflation_20_highest_in_2015","title":"Inflation (20 highest in 2015)","type":"boolean","rdfType":"http://www.w3.org/2001/XMLSchema#boolean","dwSourceId":"inflation_20_highest_in_2015"},{"name":"population_growth_2010_2015_over_2","title":"Population growth (2010-2015 over 2%)","type":"boolean","rdfType":"http://www.w3.org/2001/XMLSchema#boolean","dwSourceId":"population_growth_2010_2015_over_2"},{"name":"ef_always_larger_than_biocapacity","title":"EF always larger than Biocapacity","type":"boolean","rdfType":"http://www.w3.org/2001/XMLSchema#boolean","dwSourceId":"ef_always_larger_than_biocapacity"},{"name":"biocapacity_always_larger_than_ef","title":"Biocapacity always larger than EF","type":"boolean","rdfType":"http://www.w3.org/2001/XMLSchema#boolean","dwSourceId":"biocapacity_always_larger_than_ef"},{"name":"per_capita_ef_gradually_increasing","title":"Per capita EF gradually increasing","type":"boolean","rdfType":"http://www.w3.org/2001/XMLSchema#boolean","dwSourceId":"per_capita_ef_gradually_increasing"},{"name":"per_capita_biocapcity_gradually_declining","title":"Per capita biocapcity gradually declining","type":"boolean","rdfType":"http://www.w3.org/2001/XMLSchema#boolean","dwSourceId":"per_capita_biocapcity_gradually_declining"},{"name":"per_capita_biocapcity_increasing","title":"Per capita biocapcity increasing","type":"boolean","rdfType":"http://www.w3.org/2001/XMLSchema#boolean","dwSourceId":"per_capita_biocapcity_increasing"},{"name":"high_hdi_and_low_ef","title":"High HDI and low EF","type":"boolean","rdfType":"http://www.w3.org/2001/XMLSchema#boolean","dwSourceId":"high_hdi_and_low_ef"},{"name":"high_income_and_high_biocapacity","title":"High income and high biocapacity","type":"boolean","rdfType":"http://www.w3.org/2001/XMLSchema#boolean","dwSourceId":"high_income_and_high_biocapacity"},{"name":"low_income_and_low_biocapacity","title":"Low income and low biocapacity","type":"boolean","rdfType":"http://www.w3.org/2001/XMLSchema#boolean","dwSourceId":"low_income_and_low_biocapacity"},{"name":"biocapacity_deficit_expanding","title":"Biocapacity deficit expanding","type":"boolean","rdfType":"http://www.w3.org/2001/XMLSchema#boolean","dwSourceId":"biocapacity_deficit_expanding"},{"name":"biocapacity_reserve_expanding","title":"Biocapacity reserve expanding","type":"boolean","rdfType":"http://www.w3.org/2001/XMLSchema#boolean","dwSourceId":"biocapacity_reserve_expanding"},{"name":"high_biocapacity_and_low_income","title":"High biocapacity and low income","type":"boolean","rdfType":"http://www.w3.org/2001/XMLSchema#boolean","dwSourceId":"high_biocapacity_and_low_income"},{"name":"footprint_reductions_without_resource_constraints","title":"Footprint reductions without resource constraints","type":"boolean","rdfType":"http://www.w3.org/2001/XMLSchema#boolean","dwSourceId":"footprint_reductions_without_resource_constraints"},{"name":"low_biocapacity_slow_expansion_and_low_income","title":"Low biocapacity, slow expansion and low income","type":"boolean","rdfType":"http://www.w3.org/2001/XMLSchema#boolean","dwSourceId":"low_biocapacity_slow_expansion_and_low_income"},{"name":"from_biocapacity_reserve_to_deficit_between_1961_and_today","title":"From biocapacity reserve to deficit between 1961 and today","type":"boolean","rdfType":"http://www.w3.org/2001/XMLSchema#boolean","dwSourceId":"from_biocapacity_reserve_to_deficit_between_1961_and_today"},{"name":"city_states","title":"City states","type":"boolean","rdfType":"http://www.w3.org/2001/XMLSchema#boolean","dwSourceId":"city_states"},{"name":"with_dependent_territory","title":"With Dependent Territory","type":"boolean","rdfType":"http://www.w3.org/2001/XMLSchema#boolean","dwSourceId":"with_dependent_territory"},{"name":"oversea_territory","title":"Oversea territory","type":"boolean","rdfType":"http://www.w3.org/2001/XMLSchema#boolean","dwSourceId":"oversea_territory"}]},"path":"data/nfa_2018_country_story_matrix.csv","format":"csv"},{"name":"original/NFA 2018 country story matrix.csv","path":"original/NFA 2018 country story matrix.csv","format":"csv","mediatype":"text/csv","bytes":19373}]}